0.70164967,0.2866218,-0.6660021,1.8109843,1.2107537,-0.12717485,0.39554682,1.2153118,1.4904666,-0.5069543,0.01450011,1.814231,-0.93690014,0.54508936,-0.16657397,1.1817284,0.9885628,-1.7389262,-1.6528293,-0.81294096,2.2162368,-0.00017918859,0.3062425,1.0308164,-0.3438602,-0.0038804708,0.5328981,0.9471947,0.15735546,-0.09294354,0.60722566,-0.82885635,-0.24748473,0.9480044,0.37213147,0.9864296,-0.4332881,1.0585506,-0.44541714,-0.37592557,-0.30652225,0.1242572,-1.0877424,-0.90579176,-0.3532506,-0.47017863,0.14770176,-0.059984237,-0.5969917,1.476099,-2.043791,-1.2234086,-0.11539592,0.03897901,-0.4868546,-0.2606398,0.42738983,0.4155287,-1.7288127,-0.05653517,0.5822835,1.0688449,1.3708338,0.65403485
0.088006414,0.10057744,1.222886,-1.309093,0.40627643,-1.2146974,-0.20094481,-0.17953229,0.3693696,-0.84932965,0.012914307,-0.41356015,0.08004169,0.12717651,-1.3178282,0.03196149,-1.8093415,-0.05022868,-0.25998613,0.7687423,0.8421047,0.98304,-1.3632066,1.288271,0.1963747,0.3262505,0.8760533,0.26244277,0.25919423,0.90106994,1.5321159,1.0095687,-0.21758232,0.24467571,-0.88161856,0.64601344,0.03620113,1.2528958,0.852192,-0.7973991,1.3713592,-0.31651494,-1.3900588,-0.21752757,0.77874243,-0.28098056,-0.42130533,-1.0164632,1.1603589,0.25968185,-0.70555145,0.7561111,-0.011217904,0.511343,1.2490618,0.62328017,-0.1615575,1.0928127,-0.018017596,-0.2046712,0.77007794,-0.3500524,-0.2682958,1.1223338
-1.131757,-0.5400517,1.3235046,-1.309891,0.39188105,-0.17007607,-0.9438882,0.48182675,-0.041735012,-2.464671,-1.0267373,-0.49466294,-0.09981085,-0.32233456,0.030312588,-0.5528591,0.056187533,-3.278415,0.7612556,-0.30058885,0.2731866,-1.1830999,0.085410096,0.0069785696,0.38142753,0.14130647,0.81054103,-1.0830276,1.1658388,-0.38826194,0.90225804,0.5170761,-0.4585245,1.5092016,1.8350109,-0.87171507,0.8816563,-1.535756,1.118089,1.2644544,-0.20376097,0.13995372,0.24993436,-2.2911775,0.6661534,-1.2071365,0.90059084,-1.1378624,-0.70670295,1.8212218,1.0200942,-2.548436,-0.56512076,-1.1285374,-0.034781914,-0.092087746,-1.6429582,-0.14698134,0.06854901,-0.7983155,-2.217325,-0.62054825,-1.658407,-0.08084282
-1.2813594,-0.19920655,-0.67483914,-0.34401178,1.2834783,1.2318343,-0.32848036,1.2948731,-0.2273394,-0.053716354,1.8014296,-0.8417288,0.75558794,-0.56891674,1.1225382,-0.84539986,1.1708131,0.12323582,1.0943519,0.70170105,0.098638594,1.7268126,-0.8340633,0.6569182,0.31404135,1.1099364,-0.89503145,-0.11208756,-0.7987134,-1.4599051,2.0510924,0.8753077,-0.6242051,0.4551224,-0.15993391,-0.6643805,-0.48676738,-0.012719818,-1.6660805,0.12487832,-1.079648,0.09846484,-0.59080774,0.83415544,0.92068285,-0.78716725,-0.90142334,0.17896068,-1.2532853,-0.0039004532,-2.076103,-2.0751853,0.024035279,0.74969965,0.18489444,-0.3897231,-0.07137576,-0.43413708,-0.7722986,0.4038287,0.6117555,1.0096639,0.36952734,0.054279417
0.30772436,0.33549374,0.1327926,0.49348614,0.13310951,-0.92685694,1.9546678,0.36059502,0.6277369,1.2593926,-0.3824342,0.15324809,-0.88002586,-1.0474068,-0.374419,0.3353575,-0.61453754,0.47196627,-0.8547916,0.9608426,2.1164625,0.68907946,-0.6415628,0.31919113,-0.10423189,-0.97348934,1.5129138,-1.303653,1.1512871,0.44647446,1.4945557,0.43834695,0.885526,0.6327936,0.2681933,0.6525119,-1.0044162,-0.48137423,0.13170066,0.5366241,-1.0590341,0.4242876,1.2590034,-0.45088828,0.71610445,-1.3641475,0.2829816,-1.3018751,-0.5721452,-2.1269946,0.82406616,1.7305876,-1.2421185,-2.007739,-1.3700497,0.44482064,0.2298777,0.59936047,-0.15491323,-1.425401,0.098654315,0.381724,0.22581811,0.27742505
-0.42709023,1.0808587,-0.2057291,0.10749787,-0.429888,0.7804081,-0.03711453,0.48598218,-0.7674703,-0.6548225,1.3925835,1.1069144,-2.0014987,0.20983851,-1.267557,-0.5886855,-0.63732153,-0.8755053,-0.43472165,-2.0111556,0.70009595,0.5430225,0.7454079,-0.6879195,0.9751612,-0.6304101,-2.3398004,0.28784028,0.25439635,-1.7183747,-2.5837438,-0.7971316,-2.2163382,-0.5181625,-0.89589894,-0.68646586,-0.744749,0.1226716,0.3942942,-0.55227286,-0.7415494,0.0730029,0.12588869,-0.14284326,-1.0063492,-0.3806753,-0.32427043,-0.39830828,-0.7619049,-0.8047627,-0.08084727,-1.4372301,0.86472255,-0.489805,1.8059477,-0.009257817,-2.7268364,0.6957344,-0.869748,-2.2485838,1.2237241,0.2878004,-0.8997257,0.18443704
1.4871707,1.1036471,-1.0320026,1.2652961,1.3792366,-1.9149871,-0.9597432,0.4610322,-1.3609442,0.59185755,-0.5259289,-0.45015,0.8145318,1.9982599,1.1157242,-0.6448499,0.8581338,0.25502884,1.3288605,0.35161665,2.0358834,1.3329763,0.7881898,-0.22175664,-0.78713584,-0.7363514,0.8571233,1.0063484,0.2471915,-0.14925474,0.8586724,-0.029607339,-3.1773582,1.6826872,-0.643141,-0.40722036,-0.72888047,-0.47054547,0.3982553,0.36310777,-0.5215642,2.7738564,-1.7933553,-0.47515178,-0.8910582,-1.5923892,0.6726158,0.06591634,0.33396935,1.5589948,0.109312095,-0.42652184,-0.29621512,1.3487902,-1.1601053,0.70018274,1.2654,0.4975749,0.84406006,-1.7139617,0.55991733,-2.1606312,0.4245855,-0.82893676
-0.85028684,-0.65205896,-1.9886408,-0.7428969,0.17776129,-0.25261256,-0.53372675,-1.2424537,0.4044505,0.09631131,-0.7283743,-1.6924528,-0.42513463,1.1121823,-0.7974328,1.4361602,-2.8557105,1.0788902,-0.076017916,-0.13819188,0.014801327,-0.06444642,-0.6398514,-0.5317434,-0.7287365,0.1240048,-0.053981055,1.8386874,-0.8884551,-1.2840668,1.7828617,0.7071074,1.3325012,0.10211395,0.24092086,-0.25351053,-1.5852596,0.6818259,0.24614382,1.276274,-1.5616747,-0.81661594,1.1674147,-2.2006674,0.085482,-0.04296386,-0.35573244,-1.0278883,-0.6525909,-0.80751425,1.553923,0.36623943,0.4143638,0.63536936,-0.22505286,-0.0454176,1.1972095,-1.3859589,0.8583914,-0.817119,-0.16353671,-0.7649433,-0.00353694,-1.7043517
1.2558521,0.105179295,-2.0372796,-1.8445354,0.38870612,-0.39622903,-0.18679298,0.2601054,1.5190346,-0.70344263,-1.7501504,-0.42725906,-0.29901445,-1.9729908,-1.6152894,0.50084555,-0.023114514,-0.9996839,-0.46890593,-0.48146844,1.6190261,0.32631356,-1.9915446,-2.508553,-0.6013879,0.21580765,-0.4235549,0.0018034212,-1.3048445,-0.92556775,-0.055637226,1.9880663,-1.2062844,0.34985903,-1.192367,2.4005113,-0.12315421,0.51297504,0.78304774,-0.2711224,1.2002568,0.5395819,0.2614269,-0.36404702,0.961895,-0.5748081,-1.5811682,-0.3787773,-0.5585334,1.1026455,1.031619,1.8069279,0.16420211,-0.025247203,-0.20394114,-0.33969423,0.86824125,0.098238185,0.49241883,1.5480704,-1.7230124,-2.0119247,-0.7162597,1.3204265
2.3964453,-1.0678713,0.25672922,-0.16347952,1.927219,1.1527429,-2.9151883,1.4929935,-1.1857842,0.84348726,-0.8424881,-1.4002758,0.070352465,-1.0175033,0.9345972,1.0172361,0.56252515,0.919832,-0.08901211,1.5789278,0.04086891,0.09577423,1.3431195,0.16793424,0.27661288,-0.15210478,0.4956329,-0.5465298,-0.025437657,-1.0397108,-0.11455507,-1.417841,-1.1215498,0.04839328,-0.97764033,-1.191765,-0.84700507,0.89474005,-0.3090562,-0.043795362,0.12485094,-0.5283576,-0.26586387,-1.5298817,0.95877165,-1.4968764,1.8800771,-0.87612194,1.0779098,1.4481902,0.56622124,2.004704,-0.06352799,-0.5870473,-1.0479747,0.5883842,1.1563069,0.8399149,0.7716805,0.4981836,1.0980201,1.5949,-0.04623349,-0.12388836
-1.1651802,-0.70073396,1.409454,-0.18378104,-1.3432628,-1.5624146,0.19860154,1.9485246,0.115938395,-0.5255306,-1.6529847,-2.3153136,-0.14179933,-0.9529902,-0.12402737,-0.20237416,1.187993,0.8757987,0.63425773,1.1072817,0.352592,1.6796478,-0.20850998,1.1969132,0.48021114,-1.2225088,-0.23940802,1.2866206,-1.9830542,-0.6707797,0.7659253,1.040243,-0.966586,-0.5644566,-1.3008137,-0.1433368,0.5261065,0.095545016,-0.043325882,-0.20352295,0.41703048,-0.7232168,-1.8484242,-0.18462142,0.30584225,1.5424427,0.11989936,-1.7571088,1.0280436,-0.3727756,0.8212218,-0.6900849,0.19725846,-0.13234048,1.5760115,0.41654792,0.09693072,-1.1085347,1.0427058,0.47770867,-0.584414,-1.4795203,0.41782698,-0.8812805
-1.1982546,-0.72683245,-0.69670135,-1.75123,-1.600893,-0.8046119,-1.23061,-0.89576316,-0.10099568,1.4515972,2.1347768,0.8858604,-0.040396836,0.45662513,-0.81047666,-0.27406073,-0.031629633,0.5147407,0.13444555,0.5033883,-0.21397403,0.252304,-2.2913733,-0.13747665,-1.0198865,0.38259742,0.061387856,-0.12729917,0.8066907,-0.88977486,-0.1490205,-0.051611967,-0.8124397,-0.9791807,0.4363644,0.1447199,-0.7466895,0.8065851,-0.03227003,0.63708407,-1.5820098,2.2379699,0.060222436,-0.66642433,-0.076411135,0.27205044,-0.80680156,-0.4239831,-0.14958997,-2.3421862,-0.53040284,0.04218778,-0.95450467,-0.18085192,-0.80746186,-0.052371792,-0.06354211,-0.4200633,0.3439435,-0.058063813,0.7479534,-0.092019215,0.7996024,-0.38999173
-0.70293534,0.32692054,-0.01845935,1.1275214,1.3786331,2.243853,-0.81016666,0.21137,-1.3635739,0.5076762,0.8281418,0.42137453,-1.0531147,-1.4046382,0.79517794,-0.14295048,0.46730098,-0.14216885,0.5424407,-1.2752421,-0.36729938,-1.655181,-0.62002796,0.08045441,-0.0654471,0.0024472524,0.21503684,-0.3474583,-0.096627586,-1.6833887,1.3425401,-0.28730708,-0.27976847,-1.9469538,0.37069985,1.7787131,-0.8475948,0.8381836,-1.5161588,-0.61329067,0.3415245,-2.9043145,1.1778853,1.1554176,-1.3198944,-0.17764176,-2.2277641,0.7530154,0.5802426,-1.3439021,0.22322881,-0.46620896,-0.70687824,-0.32107267,-1.1442081,0.37021255,-0.5208277,-0.6128994,0.7605089,-1.7775921,0.3868974,-0.34834078,0.47450197,1.3654919
0.9454469,-0.24690704,-0.78347176,-0.3469756,-1.0397288,-0.23861292,0.19075981,-1.8270715,-0.53525555,-0.94959015,-0.7771172,-0.13012318,-0.56812584,-0.5299485,0.09097896,1.0721736,0.015914584,-0.08836864,1.453498,0.56663305,0.67893124,0.54167545,-0.6020146,-0.95295966,-0.07415139,1.3433741,0.43586206,1.4234864,-0.7592005,-0.017529665,-0.90844303,-0.15380469,-0.5483404,2.739024,-0.4711512,-0.38500872,0.115001306,1.569783,-0.63342416,1.7109436,-0.6122928,0.53454375,-0.3910355,-0.4510973,-0.5432163,0.81763434,-0.24345563,-0.8284341,0.98650795,-1.2432669,-0.086826764,-0.66588014,0.43638617,0.09082439,-0.03037889,-0.8341003,0.101347305,-0.95766395,-0.90673786,0.49518973,0.39137322,0.49105328,-0.12610231,0.110248886
2.792293,1.2453052,-0.48665673,1.4073186,-0.13544106,1.3438097,0.73816794,-1.1248052,3.0927052,-0.51719254,-0.96038765,-0.45716283,1.1761444,0.3729143,-2.0147932,-0.34525284,-0.09010159,-1.1005533,-1.6407366,-0.36759448,-0.07314945,-1.9297577,0.7858868,0.91890603,0.027735014,-0.5439277,1.7117945,0.5264065,0.8323206,2.0105517,-0.3399091,1.3827524,0.9277004,-0.79019845,-0.49394566,-0.2405834,1.2353544,-0.109464176,-0.12126236,0.24772412,0.11338108,-1.4724817,1.6992325,-1.3680351,0.48218822,0.6016661,-1.4623129,-0.70652485,0.4225988,0.79970807,-0.5192003,-0.6329464,0.19760698,0.09561019,0.060008787,0.441541,-1.3121293,0.07692324,0.03443979,-0.3147945,-0.60640544,0.9035714,0.057173956,-0.8528076
0.14802033,0.89487296,0.44920456,1.7301979,1.7146744,-0.48197538,0.07214669,1.2096628,0.51782596,0.18032445,0.11737994,0.6674219,1.456237,-0.9081031,0.6765402,-0.32765839,0.11840751,-1.6508572,-0.21259113,0.4857142,-0.5293279,0.539269,-1.6541119,0.95139605,0.6272419,0.20602676,-1.0119534,0.7945333,-1.3491334,0.3925984,-1.7232229,-0.04655033,0.7565589,1.1350172,2.107348,-1.4562099,-1.6935456,0.7396139,0.68856275,0.4725354,-0.1359063,1.9342009,1.8834108,0.81419164,-0.19207084,-0.33822584,2.0903368,-0.34074807,-1.7514398,-1.1129842,-0.13473079,0.8213274,-1.2964872,0.47047305,-0.4091446,-0.8216431,-0.26516277,-0.48090038,-0.111177884,-0.21035513,-0.5256241,0.9937483,0.0776478,1.0240408
0.5532566,-0.22505216,0.41161308,-0.020752244,-1.5584608,0.9284303,1.5845317,0.7870401,-0.38159537,-1.632999,-0.5841892,-0.0024230003,-0.71416014,-1.8817054,-1.4444355,0.10041732,0.7714925,-1.9858332,-0.8372225,-2.3657866,1.4184952,-1.0962751,-0.6181638,-0.019398663,0.38845247,0.061352327,1.1619068,-0.69479424,-0.7822797,-1.4619268,0.5357087,-1.0970815,0.124904744,2.0287704,-0.18765037,-0.87162685,0.21453202,-0.37054896,-0.75551826,0.31202823,0.82510424,0.5769546,2.3682969,-0.5136926,0.5301353,0.86627716,-1.5099726,2.2238,-0.43771988,0.4856829,-0.21244423,0.6635222,-0.37633777,-0.039664328,-0.9610818,-0.58219606,-0.72060376,0.8217732,-1.1081985,-1.5961105,-0.40848273,-0.65144134,-0.0018157872,1.3637352
0.5225616,-0.62593025,-1.3807501,0.9200645,0.5071109,-0.31500912,-1.0904816,0.35425097,0.16147305,-3.182267,0.57901883,-1.3651276,0.57802385,-1.70888,1.0877273,1.213816,-0.571674,-1.0516586,1.1330167,-0.62552124,-1.644196,-0.7962254,-1.0116665,-0.73799884,2.5520728,0.72877264,0.27263883,-1.2248241,1.2787721,1.4170421,-3.0393872,2.2490742,1.3836645,-0.04942893,-0.08325968,-0.13617598,-0.7798207,0.792661,-0.32643476,1.550837,-0.7999725,-0.7500624,-0.8186087,0.14203396,-0.8849842,-0.74637455,1.3410593,0.19810493,-0.74974644,0.79344404,0.55617064,1.0103323,1.0556833,0.26363456,1.830361,-1.6314034,0.6979773,-0.89883804,0.6375402,-2.1648,-0.5586797,-0.47847775,-0.7731283,1.1332784
1.2931714,0.36226243,2.4098117,-0.25224084,0.68157923,-1.4535314,-0.27859968,-0.65035546,0.03328316,-1.0687493,0.64912635,-0.8248768,0.7217487,1.6604543,0.6300622,0.7307026,1.8977647,-0.93937975,1.5815874,-1.0001599,1.5390733,0.9603118,0.82748914,-0.8417705,1.1773409,-0.67400986,1.8827481,1.009105,1.8699378,-2.0237744,0.8316555,-1.3501207,-0.45582116,-1.1022378,0.176923,-0.9832647,-1.6628947,0.46759328,0.82249963,-0.85327566,-1.5248915,0.10168948,-2.438208,0.017848685,0.45793253,0.46419558,1.0741426,0.41772062,-0.25487727,1.33607,-1.3262798,0.63441306,-1.086913,0.47726014,-0.5167499,3.387768,0.76585984,0.2307488,-0.36124265,0.7308115,-1.0380057,-0.13760604,-1.0514804,-0.65479463
-1.3254615,-0.7593525,-0.2615,-1.1347027,-0.7406486,-0.59405553,0.29643434,-0.13157931,2.1031103,1.8149483,-0.31808692,1.290106,-0.16544093,-1.1398149,0.7793265,0.70908904,-0.60655385,-2.1260355,1.7771745,-1.2726729,0.09746637,0.6406719,0.9608133,0.14944811,0.62125295,1.5074016,-2.101189,0.8333753,0.58538425,0.008378379,0.55504906,-0.25418803,-0.91647726,1.5955483,1.3625417,0.15174732,-0.7126276,1.1291174,-1.2561178,0.0638252,1.5468689,0.80903894,0.78199553,-1.1386263,-0.21241434,1.3008609,1.410512,0.6678537,-0.36623916,-2.6050053,0.8570187,-0.19188485,1.2547256,-1.3981348,-0.056795456,1.3099866,-1.1494135,1.2801974,0.19730057,0.044804774,1.5152308,-1.2398261,0.5586349,-1.6593748
1.1147038,0.62830377,-0.5884988,-1.1221915,2.1468878,-2.717449,-0.25119,-1.2799218,0.7727678,0.6845236,-1.5162092,1.3425947,-0.88259685,-0.49089432,-0.3455531,-0.22956462,-0.8196251,-0.37826318,0.45757455,-2.0685134,0.2997994,-0.30111358,-1.1026628,-0.38030162,-1.4548296,-0.6992933,-0.59254473,1.0440688,-0.0937056,-1.5072461,-1.1230756,-0.5039096,0.09261871,-0.33906457,1.4182996,-1.4255582,-0.06954866,-0.21895337,-0.10930064,0.6179443,0.7728865,-1.3960993,-0.79368114,-0.53506804,1.9592144,-0.35092387,-0.16222905,-0.9767328,1.5089391,-0.35527337,-0.93617475,-1.0046903,0.1476295,0.349269,0.54992265,-0.82601213,0.25106436,0.5642813,-0.023815459,-2.4673417,0.43527827,-3.1550999,-0.7179293,0.04243177
0.738511,0.45873755,0.030745609,-0.517103,-2.2674341,0.39954925,0.60612166,-0.35686713,-0.024695164,-0.42250332,0.6445994,-2.1385899,0.47388193,-0.6397211,0.1680575,0.29223233,0.055134818,0.30033633,-0.7276389,-0.06771973,-2.1588528,1.6829934,-0.37835464,-0.31560355,-0.48463067,0.23098545,0.75789475,0.8697871,-0.8984509,-0.6789211,1.4190346,-0.101269044,-1.4611737,0.27405283,-0.646651,0.6397386,-0.34191212,1.7302336,0.2968215,0.0902129,-0.21570404,-1.6662791,0.087677725,-2.3854802,-0.47909507,-0.074479006,-0.41044235,-0.12001297,1.0513201,-0.6612144,1.5217237,-0.32212985,1.383304,1.0468758,0.7735216,-0.39108235,0.41494513,-1.46228,0.43854517,1.259752,0.27155647,0.7238744,0.06662466,0.084744155
-0.64234143,-1.8329735,1.8134339,-0.48704574,1.3121753,2.117771,0.36915028,-0.58608127,-0.064629264,-1.6597188,-0.7133379,0.21255209,-1.0532751,-0.17100367,-0.7324553,0.7729253,-0.20013069,-1.506673,-1.7818623,1.8200353,0.08582233,1.022132,0.80471414,-0.42226484,-1.8175752,-1.238637,-0.5525404,0.8666364,-0.49992827,-0.5981447,-0.075952835,-0.40266472,-1.1952524,1.6295657,-1.7474111,-0.14205644,1.12902,-0.4663244,0.496023,0.31197593,1.1072205,-0.12979351,-2.2845473,1.5350242,0.5904122,0.950378,0.9840156,0.33002308,1.316308,1.0690278,0.8391719,0.74342924,-2.1285672,0.58309007,0.026532447,0.23295295,-0.09437996,0.6164778,1.3820083,-1.1979439,0.98908854,-0.9004457,0.47350478,0.36283857
1.466099,-0.27969065,-1.0160552,0.4080655,-0.5813956,0.9385352,-0.95802206,-0.25069067,0.52788055,-0.42168,-0.12716758,-0.24149717,-0.056801178,-0.4645657,-1.2342092,-0.75187546,0.29168922,-0.38731036,0.38721243,-0.75924754,1.1692142,-1.9047725,1.2306513,-0.5205098,0.40079248,-0.22531629,-0.445454,-1.3373414,-0.1547677,0.06586678,0.11417176,0.90974325,-1.792036,1.0399449,0.054521866,0.14910914,-0.9592133,-0.67870516,1.2458702,-0.58471507,0.48521987,-0.10590345,-1.9323735,0.007102008,1.382983,-1.9373118,-1.1608977,-1.2247154,-0.5763045,-1.5413781,0.7762374,0.8284332,1.6406507,0.39012483,2.2183185,1.8530123,-0.4833012,0.26127502,0.15867119,1.4183654,0.6799714,0.115393385,-0.24197395,0.7090026
1.719984,-0.96604717,0.6538685,-0.46923873,0.15619402,-0.16772383,-0.28362384,-0.9412448,0.41969213,-0.24268171,0.49060744,1.2505354,1.5733898,1.3793825,-0.29175344,1.1799684,0.28514257,0.30567828,0.57538086,-2.8241673,-0.6108038,0.063906215,0.28614247,1.1004243,0.5314322,-1.3635707,-0.9733404,-0.50422615,2.62781,0.28876817,0.59980685,-0.24710265,-1.0500754,-1.4423772,-1.2186583,0.493476,-0.49252304,-0.29763776,0.5981381,0.10023153,1.1088561,0.33351976,-0.54957783,0.4844747,1.2703812,1.0518786,-0.24394163,-1.2003509,0.85513175,0.84883195,0.4438404,-0.5558955,1.0388612,-0.9340155,1.5042893,-1.058462,-0.30768865,-0.3845072,0.0699923,0.8823925,0.15614653,1.1200156,0.46074787,-2.4128551
-0.8590758,0.994897,1.123565,0.44365874,2.1402354,-0.112029985,-0.07898093,-0.40763703,1.9069278,0.068509296,-0.35043353,0.17973006,2.824044,-0.62858826,1.1084685,-0.40550628,2.3591037,-1.2122631,-2.2445118,-2.0532842,-0.0552859,1.8949394,0.81049293,-1.6216136,0.13994439,-2.2999732,1.293809,-0.21316037,2.4344406,0.46832928,0.96006453,1.5119594,1.9905105,1.5032307,0.467456,2.394053,0.2757129,1.7145984,1.2081681,-0.1420983,-0.52283555,-0.1589674,-1.3471966,0.27813655,-0.7757709,-0.4552859,-0.32568848,-1.4719149,1.8691444,-0.8421848,0.41911027,-0.6074451,-0.7489196,1.2914225,1.2059896,-0.5917467,-0.5572665,0.4192968,1.2031037,-0.8635489,1.5903085,-0.7909378,0.88237613,-1.2718576
-0.37523964,0.43939063,-1.5584918,1.2637016,0.8408761,-0.21020736,0.38952658,1.1872772,-0.37380677,0.29036015,-1.5785835,1.282549,-0.3725952,-1.8672365,-0.19201945,0.80352545,0.66685134,-1.0548373,0.5347958,-2.262248,-0.9270169,1.780539,1.1824607,-2.211343,-0.12661073,0.3640479,-0.54378176,-1.2264032,-0.34141073,0.40296865,0.3413003,0.055200536,-0.74402386,0.04769648,0.25446448,-0.26655123,0.52506727,0.15114403,-0.0025229175,0.3046431,0.80449665,0.09286931,-0.48677936,-0.37472606,1.0799075,0.16633391,0.26052317,-1.6742893,1.2155935,1.289881,-0.619425,0.31124282,0.64820725,-0.98489326,-1.0050911,-0.5541857,0.65550375,1.34359,-0.20290557,-1.628253,0.8238164,0.0945057,1.0725667,-2.243507
-0.8996559,-1.2527333,0.20740564,0.621271,1.3679498,-0.3677086,-0.7578179,0.8817825,-2.4428937,-0.2718862,-0.6702519,-0.5207986,-0.5359257,-0.3755727,0.59001166,1.431003,0.38263413,2.0955038,0.11128192,0.3435488,-0.8127349,-0.2943331,-0.43450594,0.6875767,-0.7877016,0.54928386,-0.052509855,-1.1126657,-2.4295385,0.72112995,0.2531227,0.5889036,-0.7974613,0.54173005,0.3128071,0.10310199,-0.3521736,-0.36729032,-1.3518504,0.11733411,0.40990305,1.0923648,1.5571536,0.6965971,1.6458814,0.30286416,0.78426015,-0.8936798,-0.178857,1.2491392,1.7756804,-1.2343714,1.0307636,0.91825193,-0.041084077,0.25955787,-0.8594388,0.5377801,1.0100052,-0.23905726,1.0596454,-0.36889058,-0.60236824,0.88753396
1.3274149,3.1224165,0.5085435,0.5579203,-0.058242805,0.40497473,-0.5625403,0.1278151,-0.3241651,2.2317889,1.3978283,-0.9733181,1.6691824,1.6229795,-0.30746406,-2.1846898,-1.7413795,1.2507387,-0.45658818,-0.48565364,0.39064828,-0.39334193,0.056099284,-1.3497006,-2.5425315,-0.026148008,-1.1534626,-1.2984376,0.40168244,-0.16228484,-2.10458,0.56418633,-0.77381116,-2.1247506,-1.3305811,-0.17050928,0.59063387,-0.18220563,-0.24030164,-2.0274613,1.4455429,-0.21650508,-0.1130013,-0.927667,0.8495019,0.16153705,-1.4143455,-1.150203,0.025713304,-0.6273266,0.83867705,-0.9160975,2.3280272,-0.09758483,0.30861148,-0.48446968,-1.6516203,-0.459379,-0.52616346,0.14149804,1.6037189,1.8418834,-0.29303017,-0.9055581
0.34066626,1.6532655,-0.49301875,-0.98271877,-0.9563144,-0.4330917,-2.6578891,-0.8532389,1.9637076,0.912722,0.57540405,0.40006584,0.38003448,-0.75046754,1.3856587,2.603201,-1.5287188,0.47169796,-0.19011533,-0.59177256,1.184607,1.9459022,-0.065538526,-0.4150827,-0.40013263,0.55767417,0.62786233,-0.24055438,-1.1537946,-0.26127595,0.9248181,0.382198,0.5674316,-2.2313316,2.0054379,-1.8938557,-0.48623607,0.41600686,-0.5593922,1.2063048,0.21790798,0.5674873,0.075434744,0.22378552,1.359449,-0.6504897,0.53452057,0.3714626,1.7494963,-0.2656118,-0.45007902,0.28456387,0.34955013,0.53456914,-2.4548347,-0.9219169,0.5892126,-0.9431814,1.8706206,-0.26394713,-0.7170891,-0.00046135095,1.8444197,1.2314435
0.40560138,-0.25667402,-1.4145774,1.3506498,-0.6168596,-0.35540327,0.50327456,1.228036,0.20329912,-1.4059926,2.1136005,-0.46255812,0.8296994,-0.9803056,1.023477,-0.5415383,0.9972438,-0.5587849,-0.69328886,-1.895351,1.1632571,-1.6810509,-0.016603794,-1.5997903,0.25660935,-0.81453913,-1.111118,-0.6928845,0.33730954,-0.18044123,0.87714237,-1.1622987,-0.5467876,0.8328825,0.850721,1.3678359,-0.25935864,-1.0036293,0.25625235,-0.1993796,-0.51242614,-0.47600126,-0.14433448,0.54538363,1.6187512,-0.56309193,2.1547847,-1.0745448,2.533505,0.06890098,-0.69842404,-1.0804441,1.4522139,-0.15801635,0.43096843,1.0008689,-0.5340689,0.86517066,1.1089383,1.3543355,-2.6752794,0.55691737,-0.20191328,0.03205893
-0.21465473,-0.31421694,1.7660943,-0.70884895,1.3025689,1.5032898,-2.972197,-0.42165434,-0.22812141,-0.7077464,0.44145697,-1.3196584,-0.7721085,0.5827466,-1.5424374,0.08051079,1.0755925,-0.75515825,-1.2471737,1.0558085,0.5897285,0.024898002,0.04716784,0.21534626,0.30721292,1.8185759,-0.6853583,-1.9855753,0.3144968,-0.41190168,0.66539633,-1.3478098,1.0148177,0.5807621,-1.1712495,0.26723105,-1.0896027,-3.2469878,1.5743057,-3.0167513,-0.44840258,0.43470848,0.3528072,0.4559905,-0.021402897,-1.9159744,0.32519156,-2.3642435,1.0225722,0.35924372,-1.9120545,-0.9066803,1.8440574,0.18348953,0.13364244,-0.13452338,-0.010571267,-0.52457863,-0.13677701,-0.39517662,1.3678724,-0.4878034,0.06426243,0.091298476
0.51534486,0.515839,1.0163343,1.6518795,-1.1836962,0.048018087,1.0799465,-1.0868387,0.7162606,-1.9777447,1.5276624,-0.08817644,-0.13107042,-1.8999456,0.22841038,-0.78471136,0.49546477,0.7090042,-0.2097946,-0.6574104,0.62213284,0.8504116,-0.42472574,-0.5428278,1.1617243,-1.1249348,0.40253237,0.15544881,0.8612989,-0.26583087,-1.9684622,-0.4874706,0.08705627,0.9088266,-2.1479652,-0.9305189,0.623957,0.30046806,-1.0796244,-0.45859888,-0.4063651,1.0381197,-1.0065141,0.6136116,0.4154216,-0.3026839,0.581003,1.4586235,0.536022,0.27293223,-0.778616,1.7394335,-2.2331378,0.6860655,0.87852037,-0.6146039,-1.6707927,-0.42356536,1.3660022,-0.5030908,0.6045232,-0.71927273,0.6482935,2.0867481
1.5654869,-0.1269454,0.3460357,-0.27379686,0.38244066,-0.7284109,-2.191758,-0.5373415,1.119196,2.753703,-0.64111,1.0140431,-2.1582077,-1.2598963,1.3770089,0.13886094,-0.6677114,1.0179067,0.12726025,0.40801406,-0.030901022,1.9915727,-1.1544151,0.9301445,-0.5850712,0.44655624,0.4527411,0.35073444,0.3462353,1.6314012,0.3459392,-0.044267535,-0.59146863,1.2980994,1.2331482,1.0260808,0.18882734,-0.17100787,-0.0062025352,0.86118376,0.7559216,0.08285306,-1.3098745,0.24574538,-0.877738,-0.46977502,0.511948,0.24254686,-0.22321238,-0.5894635,-0.6465628,-0.21165147,0.92529386,-0.70821464,0.48086092,1.3818814,-0.5832219,-0.49634993,-0.42621464,-0.8869566,1.226372,-0.90583557,0.7267993,-2.128525
-1.2729828,0.6447578,-0.72012186,-0.08182909,-0.083736695,-1.6985546,-0.16797058,-1.9453304,0.8118355,1.1294044,-1.104097,1.5144045,0.3452049,0.037593257,-0.44860974,0.13416933,0.5412322,1.218938,-0.7324047,2.3785594,1.2331332,-0.3379422,0.07225696,1.3998271,-0.9698203,0.07370214,-0.08933488,1.0007821,1.3058411,-0.41285765,-0.42738476,0.7552464,0.668155,-0.8665934,1.2337416,0.55184186,1.5270011,0.32593244,-1.2661971,1.0506095,0.859963,0.7828508,0.4400689,0.0037828411,1.4623086,1.5855212,-0.54119426,0.037144236,-0.34287745,0.519046,0.5325338,-1.6248724,0.014518169,0.42206007,0.8321403,0.7777576,1.9271305,-0.24739228,0.82147884,-0.6157597,-1.6478499,1.6522589,-0.36216876,-1.8798444
-1.128735,0.4510702,-0.6644025,-1.0109522,-0.5065569,0.7307299,1.7060962,0.44643867,0.20693117,-1.3658718,-0.6804011,0.15958628,-1.1607755,-0.39486185,-0.18710953,-0.25412944,0.00032818297,0.07914107,-1.5385227,-0.22278239,-1.1090182,-1.243696,0.35412553,-0.30509046,0.3352007,-0.06708629,1.8581982,1.1076386,1.4504064,0.6412388,1.2176387,0.42172953,1.4265454,0.65650845,0.70006424,-0.7101999,0.3562775,-0.6118142,-0.009996662,-0.04322128,1.3424277,0.5675899,-0.69749504,1.0576915,0.22062215,0.2768505,-0.52756405,1.0891285,0.6168924,-1.4647936,0.10090322,0.88879496,-1.3687675,-1.3096975,0.5010269,0.7371149,0.90638757,-0.60817546,2.217886,0.6319423,0.7065364,0.25579002,0.65736526,-0.70458096
0.8122841,-1.3905814,0.4271394,0.04664976,0.8951901,-1.0598273,0.2307742,-0.23949969,0.8990648,0.10468135,-0.44452056,-1.8385562,0.52731884,-0.8613318,1.7142904,0.1314847,0.278591,-0.10377506,-2.7018785,0.3196745,1.1218404,0.46042576,-0.7964502,0.20919077,0.40630126,-1.7048634,-1.2121851,-0.55790687,-0.9289682,-0.097738355,0.124618,1.1565381,-1.9058776,-1.262379,-0.8374992,-0.08333411,-1.1314946,0.08048989,0.8982146,-0.18380071,0.073822305,1.3709512,-0.70262885,-0.4581081,0.2814692,-0.11787597,0.16085368,-1.1997461,0.50472885,-0.11852842,1.9539833,-1.1915212,0.55998755,-0.54625636,0.51854527,-0.6196145,-0.18417282,0.2780886,0.38024697,0.8219521,-0.3439705,1.2108151,0.77515537,-0.90265375
0.9664231,0.0042660153,0.073196806,0.71711016,-0.13665108,-0.2082693,-0.5118897,2.6410155,0.996876,2.3562126,-0.41694424,-2.2195694,-0.1216117,-0.29672864,-0.737805,0.26685718,0.0105438,0.52555484,1.375761,1.2218176,-3.776511,0.32303515,-0.9352307,-0.37369797,-0.4236438,0.9062254,-0.4231226,0.63905287,-1.4159918,-0.4414392,-0.5382538,1.0444413,-1.4250034,-1.0058382,-0.7915438,-0.81913525,-0.8368867,-0.25371182,1.1275432,-1.6937531,1.4906656,-0.6979203,-0.30159745,-1.1901664,1.5412676,1.4010408,-0.6537941,0.42127416,0.17731786,-0.06866946,-1.1017172,-1.1085566,-1.6866975,-0.7697724,-0.1852913,0.2606183,-0.5431626,0.26979282,-1.6465338,-2.3355882,-0.77900046,-0.74231225,0.7256447,-1.1385827
-0.16405359,-0.6645871,0.0042060167,0.41638544,1.0350541,-0.3583946,-0.41240528,-1.3824797,0.79968274,0.055567723,-0.12336044,-1.2418636,-0.16411509,0.95749027,-0.3610746,2.0544784,1.2211435,-0.7054549,-0.9264429,0.065640256,-0.27306062,0.047465183,-1.1429929,0.3445997,0.011604191,-1.931848,1.3538126,0.14286529,0.08890872,0.46723366,1.1172372,0.43842104,0.07956023,-0.7454169,-3.1065881,-0.20103584,-1.968052,1.2871853,-0.52610856,1.5140921,-0.55676913,-1.9483634,0.25634065,0.32622418,-0.049820367,1.4388559,-0.8488721,1.0037891,-1.5307537,0.36702397,0.6099053,0.9074657,0.36542156,1.3365817,-0.51954544,0.008509023,-0.6239183,-1.2066346,0.7731992,0.30824864,0.087568045,-0.8936621,2.0381014,0.5932963
0.54976267,-1.1303464,0.5851191,-0.41357344,-0.7950016,0.49237606,-0.14172585,-2.585206,-0.7599801,0.9776797,-0.06728298,0.5573919,1.4683169,1.5071341,0.7731936,0.85426104,-1.5426844,-0.2213416,-1.3117632,-1.4339086,0.28962833,1.9980494,0.81177205,-0.6274906,-1.7087269,0.40595156,0.7149312,0.73123246,-1.7039279,0.67507833,1.676247,-0.10097296,0.72903943,0.0059726057,0.01916282,0.5191751,0.980848,0.41960308,0.26984864,-0.6920704,-0.06964623,-0.626758,-0.7739382,0.57456344,-0.7506555,1.4313734,0.08298435,-0.5921899,-0.019991782,-0.21964714,0.87972,-0.3146505,-0.7059504,0.36073563,-0.29880977,0.7980618,2.2284732,-1.4378433,-1.4949981,-0.4647938,-2.271108,-0.8682783,0.5192186,1.0931131
0.1610419,-1.2117343,-1.9299958,-0.15920901,-0.18597281,-0.05644423,-0.8409478,0.8187688,0.90081996,0.19662608,0.8282083,-0.844249,-1.2368927,1.9967343,1.0206833,-1.0330528,0.47593015,0.7054376,-0.37245026,-0.9345985,-0.0217499,-0.14024076,0.8150826,1.0226722,0.65570676,0.7272714,0.0986039,2.186456,-1.10149,1.8514352,0.41523895,-0.34280962,-0.03257858,0.6175619,1.0636692,-1.3377633,1.2254205,0.7861273,1.820289,-0.35675862,-0.5175378,0.5778916,-1.665237,-0.6140388,0.9676776,-1.9823029,-1.6629466,1.6078839,-0.5066804,-1.6588991,-0.18634926,0.95178866,-0.94203514,1.5234838,0.8945657,0.10137187,0.5396685,0.25166413,-0.69827056,0.4278548,-0.65638655,-0.14139414,-0.4270527,-1.5593479
0.5909969,0.96361053,-0.4243431,-0.7851979,-0.11511806,1.7945945,-0.8558682,0.81725556,-1.166182,0.5588749,-0.36646047,0.08968934,-1.5913814,-0.33495122,-0.6807716,0.25347415,-1.2999283,-1.0619626,-0.5902768,-2.5872886,0.4105411,0.3426297,0.35286713,-1.1199378,1.1295879,0.08218963,1.7083683,0.50790846,0.042185776,1.9334245,-0.7413333,1.8768032,1.520591,-1.1476276,-1.198589,-0.35561854,-0.09749821,1.1653433,0.028789649,1.4823794,0.55798435,-1.307422,0.11539971,-1.7591888,-0.54147905,-1.281354,-0.3555135,0.5751773,-1.0947579,1.0882075,-1.9565407,-0.6271171,-1.6552842,1.8917919,-0.11733631,1.6474328,-2.189558,-0.94259197,-0.059333123,-0.5606469,-0.41424534,1.5373417,-1.7015132,-1.9682935
-0.74211824,-1.188648,2.0842757,-1.1424499,0.49488467,-0.09966058,-0.719904,0.7147451,1.186158,-0.7135191,-0.6219642,-0.046945456,0.60505295,0.6791094,-1.4962115,0.72131795,-0.23542002,-0.25875238,-1.1241306,-0.26617637,-1.5810354,0.5740935,0.91276217,-0.7521394,-0.11759142,0.3526296,-0.31873807,0.012378172,-0.28644228,-0.9134434,0.43350223,0.12309314,2.3306897,-0.8090203,-0.40253195,-0.73760074,0.20279951,-0.1706879,-0.030687043,1.2143724,-1.367823,0.30512685,-0.021937232,0.8914879,-0.32430917,0.67404306,-0.22947809,0.5866076,-1.7434002,0.77889884,-1.3091719,0.9201867,0.5042669,1.3250502,-2.6196103,-0.78765297,-0.54289424,0.053438663,0.14071113,-0.62518084,0.5792633,0.21744813,0.66667897,-0.017854847
-0.02815701,-1.1681689,-1.0735707,-0.72936004,-1.6604086,-0.210206,0.22994329,1.2311355,-1.7400581,-1.5385599,1.322838,-0.7772246,0.5123437,1.433247,-0.38969544,-0.7515676,-0.039881248,1.1369444,-0.62255317,-0.9065487,-0.10057425,-0.35403582,1.3938855,0.6196437,2.6834006,-1.488081,1.5089098,0.47001645,-0.9072562,-0.42140874,-0.8729016,2.1638904,-0.23156357,-0.22643659,0.7654666,-1.0497018,0.7430242,-1.8460053,-0.67372763,1.1811551,-0.4049671,-0.123934485,0.44538397,0.20312436,0.46809384,-0.9439539,0.1489945,1.554935,-1.347342,-1.0716548,-1.5538977,0.3143141,0.98893505,-0.022010416,-1.9075427,-1.645126,0.42053878,1.9199362,-0.79163975,1.6232878,-0.19832991,0.71221465,-0.4668809,0.3945394
-0.7609737,-1.0699348,-0.49786818,0.7470939,-1.1292123,-0.29975492,0.4306077,0.12222202,0.95891196,0.2662431,-0.45326003,-0.22332054,0.22817457,0.30591306,0.35806113,0.37406754,-0.9852493,0.82675695,-0.28700104,-0.41664147,-0.29722303,0.70093274,0.7403089,-0.7650629,0.414296,-1.607082,-0.38063017,1.1043962,0.34391397,0.16934516,0.29281747,0.9511501,2.4426074,0.9085624,-0.42239547,-0.08079143,-1.3462244,0.38705337,-0.75406456,1.969882,0.9099625,-1.1087831,-1.1170859,-0.23861794,-0.33598816,-0.38735008,1.4253685,-0.52447325,0.054582864,0.25401303,-0.89127713,-0.43723723,-0.7319671,-0.58084434,0.45278442,-1.0942057,0.63739955,0.8308726,0.69923097,0.5865508,-1.2679862,-0.75338876,0.34694523,1.1795542
-0.06314511,-0.2397608,-0.10250095,0.91411346,0.7352695,1.1193357,1.0025277,0.9570799,-0.3468618,0.24563952,0.49468517,-1.256269,-1.5480504,0.61656904,-0.091187455,1.8527188,1.4804728,-2.7737257,-0.4862495,-0.31485483,-1.1661594,0.53326565,-0.8076139,0.7911667,-0.5013501,1.3589485,0.30755714,0.38373074,0.57355106,1.4672409,-0.124598004,-0.80624896,1.0391484,0.18996839,-0.4429748,0.11813592,-1.0683198,1.0805472,0.47222537,-0.015437954,-2.2636359,0.710922,0.5183934,0.8056486,-0.006629258,-1.8069297,-0.7130097,0.25822636,-2.467161,0.7507496,1.6200099,0.48052862,-1.0052787,-0.7773859,0.4669133,2.0715995,1.2650552,0.6832223,0.84570044,-1.3245727,-2.2579942,1.2497213,0.42788112,1.1567343
-1.5075912,-1.0302374,0.7945925,-0.118762195,0.6814716,1.0357233,2.7527268,-0.8671518,-0.062271304,-0.607024,1.3030541,-1.767349,1.3712143,1.1141006,1.9960587,0.47411284,0.5312853,0.21727422,-0.33731183,-1.0469143,-1.3821913,-0.7958467,0.7090366,-1.428086,1.1670029,0.47614625,0.0067367847,1.1770413,-1.7740278,-0.48914856,-0.53441167,-1.2037315,-0.3292478,-0.3282406,0.19877934,1.168255,-0.22869647,-0.46488804,0.609098,-0.23220709,-0.24340726,-0.34327516,-0.34263232,0.58776426,0.3952661,0.55499554,0.607876,1.3760399,-0.3506871,0.73557484,0.8848952,-0.2971145,-1.1335806,0.2746035,0.32578024,0.6553054,-0.6911778,0.43323475,0.62646806,-0.80424565,0.12391043,0.20276164,-0.113309994,-1.1643914
0.78006995,-0.755768,-0.47340757,0.57445943,1.0317106,1.2224289,0.802762,1.1291081,-0.35086986,0.21846506,-0.21809186,0.109859906,0.30828843,0.33348393,0.6785811,1.138201,0.7580694,0.66966647,-0.38485867,-0.32463416,0.42339957,1.1513634,-0.5110244,0.40012616,-2.0062544,0.9821666,-0.5987805,-0.6303612,0.01830186,-0.87754995,-2.434038,0.08414633,1.1915582,0.72366506,-0.9696178,-1.5559642,-0.87386435,0.8031845,-0.16958612,-1.7434287,-1.1794381,-0.12531753,-0.75197166,-0.25847793,0.55541533,-0.3831907,0.42944467,0.43965676,0.4768462,-3.7205622,-1.7084725,0.09057845,-0.7950796,0.41520125,-0.9200507,0.21231268,2.089073,0.7245116,0.20806554,0.050597124,-0.16218172,-0.7413032,0.24550878,-0.107494935
0.08466049,1.0250828,-1.7911794,0.63794476,1.4694567,1.0242172,-0.4390802,-1.5002183,1.0782944,-1.6406369,0.29843226,1.1503716,-0.4383488,0.40364656,-0.7603233,0.7909412,-0.8449495,0.65107733,-0.10747823,0.72367185,0.10630322,0.29101664,-0.9123554,1.0098313,0.1945473,-0.5001113,2.1971927,-0.5346533,-0.9309359,-0.5338103,-0.3178261,1.1040163,0.23220566,-0.009538433,-2.5670364,1.4583791,-1.9231336,0.72168696,0.40391168,1.7111506,-0.049250275,-0.1499593,0.49497995,2.273505,-0.6386881,-0.4616104,-0.77280194,0.7454558,0.2656697,-0.32981986,-1.3895394,-1.2076827,0.62899816,1.4952294,0.7964981,-1.1002984,1.6105727,2.5206845,-0.11748463,0.5254615,1.8073152,-2.0152817,-2.6446264,0.49874696
0.15407549,-1.7151186,-1.1677823,1.6647874,0.3264127,0.04209289,0.00059051096,1.0585219,0.62638396,2.0063431,-2.4201384,-0.8635546,0.6598263,-1.221887,-0.84321046,0.03664359,-0.09814492,0.057627045,1.8636332,1.9691697,0.37462884,0.47839376,-1.5783223,0.68799573,-0.09132743,-0.25983942,0.096093446,-0.63294744,0.08006197,0.8326216,-0.23622443,1.5420116,-0.9081063,1.2773955,-1.2382306,1.4095571,0.09145445,-0.48365194,1.1699698,-1.9914174,1.9320428,-1.4254209,0.56042033,-0.7606056,-1.0465332,1.1852773,-0.0016020838,1.8153527,-0.5620613,-0.935897,-0.702177,0.7936918,0.7195325,0.30444103,1.3253292,-1.0881879,0.11191911,-0.3872296,-1.9225534,-1.7008392,0.014437328,0.9656267,-0.8830071,-0.6196362
-1.6962413,1.1076515,0.5690508,-1.6069188,2.0702193,-0.51717955,-0.18800926,-1.795745,-0.87732553,-0.3350874,-0.61816305,1.0741105,-1.2995319,1.0690793,-0.93715924,-0.39510807,0.46540302,-2.6138425,-0.4622461,1.052753,-0.7158612,-1.9033972,2.6103997,-0.38123697,0.96163476,0.93298244,-0.87066895,1.7560512,2.283725,2.4279592,1.6803658,-0.48600397,-1.4310253,-0.22487088,0.1271045,-1.1756791,-0.2913726,2.3932848,0.9172601,-0.5853971,0.9453596,-0.8675335,0.21617718,-1.1444632,-0.48683363,0.2629785,-0.053208265,0.29424492,-1.1903037,-0.89328307,0.75212985,0.06226144,0.23251258,0.14917955,0.9833371,-0.37863803,-0.5289495,-2.3117886,0.9611058,-1.4821311,0.049569145,1.4436876,0.012790937,0.87419325
0.14253974,-1.7056997,-1.0334076,-0.07833398,1.2512273,0.089004315,-0.5628061,-1.1065167,-0.08285456,-0.14655548,-1.4124651,-1.109737,-0.47419932,-0.10972874,0.1854008,-0.7466086,-0.3125803,-0.25757873,-0.04464043,1.578047,1.0517735,-0.5945597,-0.8428385,0.4794891,1.8695341,-1.9186594,-0.23572114,-1.0487293,-0.31897143,-0.0143782245,0.57617617,-1.3789884,-0.19549671,0.14867786,0.67946845,0.15604196,0.8950622,-0.6828421,0.9236873,-0.2901138,0.7658981,-0.6632492,0.62562376,-1.2901393,-0.6088083,-0.99437636,-1.9437081,1.2436405,1.1046646,0.19213808,-0.74919224,-2.4225585,2.6249597,-0.42980954,-1.1440576,0.24719614,-2.1686552,-0.46571544,0.1018434,-0.45316592,0.6701979,0.90451497,-0.67626196,-0.84769434
-0.98074865,-0.5916168,-0.3661476,1.8548025,-0.85585374,-0.35575154,2.158501,0.7741494,-0.059487145,-0.16198854,0.89849854,-0.1240378,0.47224423,0.67901593,-1.423478,-0.9090936,0.15072002,-1.5581557,-1.0606015,0.800938,0.28134388,1.5667499,1.0251535,-1.8815986,2.0944445,0.8735642,0.8217496,-0.08869116,0.76145744,0.75339836,0.5451074,0.41784957,-0.8227427,-1.2761769,-0.002935327,0.24848501,-1.5927466,-0.37158558,-0.57764333,1.541746,-0.39571914,-0.13704084,1.163406,1.8597335,1.7740836,1.7040224,0.9951326,-0.836756,-0.056232363,-0.4917597,0.12601113,1.0966544,1.2756171,-0.319678,-0.14224063,-0.91253465,-2.1682575,0.12664993,-0.9867094,-0.2414141,-0.5904332,-0.9126876,0.5204988,0.31095892
-2.1209958,0.05879736,-1.1691896,0.16281123,0.7543402,-1.5944836,1.2854743,-0.4066622,1.041259,-0.17732406,-0.21167487,-0.74102914,-1.1509099,1.1657573,-1.1453968,-0.7951103,-2.5646653,1.8193357,-0.6396408,-1.3505294,0.014878101,-0.7840644,-0.88623494,-2.5268977,-0.3986973,-0.012308469,1.7618469,-1.3015735,0.0831087,-0.3734655,0.1329158,-0.27247652,-2.0744476,-0.27464154,0.7744599,-0.026883064,-0.67697173,-0.11846186,-0.13944788,-1.4006252,-0.8789609,-0.25678954,-2.0839794,0.739273,-0.48921028,-0.021919297,-0.46683443,1.4963055,-1.0255117,-0.3843704,0.19260934,0.24433382,-0.8278938,-0.3624785,-1.4053144,-2.9835577,0.29640982,0.94700253,-1.2506989,-1.4790057,0.14064556,1.3872999,0.76821023,0.43104583
-0.15426433,1.2422109,0.58328056,0.25961456,-0.2818045,0.054376706,0.33790767,0.73105806,1.0063502,0.41448173,0.2256691,0.30495393,-0.6805278,-0.02164932,1.8748266,2.1064806,0.7889743,0.7861858,0.12706701,-0.7314308,0.87314504,0.8133146,-0.5473575,0.66990614,0.91718453,0.06471958,-0.0010316118,-0.47980228,0.25247794,0.40439963,0.24345064,-0.16042337,-0.84099734,-0.9817254,0.80211544,-0.21103781,1.9465839,-0.56206864,-1.115829,2.149363,-0.111470185,-1.5316767,0.7551823,-0.099827595,0.5098118,0.05237145,-1.0577364,-1.6817065,-0.84145474,-1.5990582,-0.850603,1.0721027,-1.7120157,-0.8675727,-1.6629417,0.7655858,1.6432793,-1.4589882,-0.24867189,0.14594445,0.052882902,1.7067232,-0.15327793,-1.1584003
1.9359957,0.08639179,-1.0645571,-1.6605458,-0.33335942,-0.96329755,-1.229073,0.15207753,-0.3120646,1.1090285,-0.03749637,0.8799157,-0.92282075,0.12080769,0.5305166,-1.3086753,-0.26205766,-1.2015417,0.24261454,0.30709538,0.1796654,-0.73118067,-1.9686068,0.50585765,0.7994173,-0.29063597,-0.9454681,-1.5755132,0.73825014,0.45407683,-0.34707046,1.3101714,0.15212841,0.0462191,-2.5821593,0.73922,0.79885215,0.41402104,-0.15745065,0.12794697,1.8806753,0.45282418,-0.70572406,0.15855917,0.21125373,-0.8455616,-0.94839364,1.2575574,-0.5182552,0.4531707,-0.27099866,-0.17888752,-0.18483436,0.23816007,-0.2054593,-1.3537883,2.024148,-1.1646861,-0.24467984,0.44606096,0.98636645,-1.3791406,0.3787017,1.3654282
-0.30865538,0.23596601,0.34639013,-1.7673764,-0.5006691,1.5599912,0.3578701,1.1067134,-0.74970925,-0.25279433,-0.20155855,-0.53222114,0.91458297,-1.0284646,-0.2504057,1.1022234,-0.23718482,-0.7685573,0.25942856,0.49503762,-0.6254005,-0.012760613,-0.6260971,0.18786111,0.11696464,0.27739194,1.1133991,-1.4202566,0.026831232,-0.13637474,-0.053102057,-0.9511016,2.4550838,0.8930903,-1.1991445,-0.18149543,-0.7228039,-0.17180513,2.6441228,-1.3043965,0.82982326,1.5931842,-0.5308753,0.86563706,-0.63171387,-1.6420108,-0.67817307,-0.49982175,1.0769235,-1.2331387,1.2979037,-0.6310146,-0.15978533,0.059853405,1.0388967,1.1741624,0.37290186,0.7849609,2.1479762,-0.71455187,-1.2442319,0.5659288,-2.2239668,-1.0520544
-1.5864449,0.7128051,0.17430004,0.22690926,-1.3701403,0.1180563,-0.5395782,-0.6382466,1.9510934,-0.270191,0.72630656,0.47718552,0.09312,-1.4968653,0.18775323,1.2066951,1.851479,-0.10225052,1.2376441,-1.7110622,0.2552683,-0.88109493,-0.87983006,-1.1543572,1.0092939,-0.9259629,0.2110521,0.18208918,-1.9206778,-0.62329847,-1.127439,-0.3385337,-0.65456015,0.2231254,1.150124,0.7009558,-0.4368772,0.052599072,-0.98535055,-0.089970894,-0.84211314,0.18074487,-0.46736577,-0.80610305,-0.47419518,1.3826705,0.24185495,2.308263,-0.6429464,0.40916735,-0.13262463,-3.017845,-1.8163182,1.2114457,1.0404966,-1.2313324,1.2368879,-0.63396573,1.2301577,0.472877,0.87415236,0.49912786,0.069055736,-0.011965355
0.86123395,-0.5857452,1.6602643,0.53662276,-1.2227113,1.1527163,-0.40897182,-0.073122256,-0.65451425,-1.0849149,-0.18029849,0.6200239,0.1466494,-0.8575911,1.8923435,-0.14395934,0.72966206,-0.25376922,0.5161298,-0.45188028,0.69535375,0.9307257,0.85631615,-0.78805596,-0.7751897,-0.11965354,1.9392554,1.2752919,0.29359266,1.2225324,-1.5305002,0.7977391,2.1151419,1.0611128,-1.5278627,-0.72942764,-0.7924023,-1.3189248,-1.3445563,0.2550952,-0.8071072,2.0843475,-0.28978094,2.3231153,1.4532142,-0.70165634,0.16262954,0.6021261,-0.42819992,-0.65181166,0.30853584,-0.19922343,0.38733825,0.21080768,0.50511074,-0.43482628,-0.7209091,0.69227946,-0.9141881,-0.8319593,-1.3505718,0.17764755,1.1855191,-0.65940064
-0.42019778,-0.26282483,0.26050127,0.5732595,0.013201724,1.0212113,1.1642778,-1.092009,-1.3494196,-1.0121524,0.6523195,-0.15642253,-0.6076197,-0.87827003,-0.5117537,0.57430357,0.38641146,-0.60992396,0.95912474,-0.63709503,-0.4848194,-0.67277265,0.8332702,-1.5488738,-0.6509275,-0.3856528,0.87138754,-0.21460101,0.11427878,0.61420625,1.0369653,-0.92921406,-0.14763606,0.19659615,-0.9915434,0.45798638,-0.5097895,-1.3227237,1.3169576,0.24755463,0.400868,-1.2997487,-1.0862367,0.6429334,1.6542376,0.18081519,-1.3288735,1.9717948,-1.3299707,-0.72988147,0.22305308,-0.18444802,1.5345163,0.8269583,-2.2064216,-0.5149175,-0.2816001,-2.9273195,1.0334393,2.3008978,-0.887921,-0.21561334,-2.032691,0.43179274
1.9434024,1.473215,-0.17276914,-1.1726692,-0.14845291,0.81627667,-1.0549349,0.48437735,0.40243065,0.30327332,-1.6434786,-1.8108755,-1.4175398,0.61880535,1.19375,-2.0100954,0.06567507,0.21853553,0.52272046,0.24710529,-0.23894511,0.46224114,1.1971594,1.4493376,0.551056,0.9919414,-1.3017069,-0.36492485,0.6034694,-0.7695278,-1.242887,0.8454097,0.13210703,0.3071477,0.29541332,0.2735506,0.5318024,0.56273776,-0.56471634,-0.17649491,-1.5448284,-0.64341635,0.90979767,-1.2287602,-0.92133427,-0.40694013,-0.7959695,-0.79252136,1.3281671,-0.07854116,1.1578522,1.5513752,0.20736213,-0.50022423,0.5254865,-0.12255707,-0.2520066,1.0468193,0.119341604,-0.49365768,0.07525984,1.1871724,-0.15182815,1.1338339
0.6039591,-0.2084731,-1.491947,0.32800367,-1.1136267,0.38283926,2.5278034,0.70316887,2.1254873,-0.8411409,-0.45901963,-0.36255813,-0.23184384,2.0225418,1.8708519,-0.39451733,-1.3481476,0.3335019,1.012936,1.1097871,-0.9542254,-1.0326171,1.35366,-0.055045184,1.1959703,-0.52403396,0.09032359,-0.8168184,0.12139893,-0.38460818,-1.3235577,0.10809955,0.67048633,0.732429,1.0451084,1.8691278,0.1174995,-0.43636045,1.8948922,0.8605033,0.31765613,0.17143397,-1.4067379,0.30310315,1.7748411,0.22964829,0.6161525,-1.3647007,0.80650777,-0.10829173,1.6956508,-1.0437362,-1.0727308,-0.54279083,0.3687333,-0.04620868,-0.31927788,-1.5891027,-0.2989268,0.5408282,1.4551089,3.1216507,1.0486866,0.35433146
0.49424824,0.628978,-0.06312769,0.33883348,0.16799274,0.36176056,0.47790918,0.22386873,0.47159138,1.5514195,0.04031103,-0.33201855,-0.24105923,0.19418979,0.5125503,0.89763546,0.26519954,-0.79052085,0.717846,2.3733327,-0.44967318,-1.881556,1.0574425,-0.12602478,0.43409044,-1.0636278,-0.15457617,0.3689296,-1.2911457,0.5237933,-0.6342218,-0.1622592,2.0879288,-0.14785036,2.0305498,1.1711304,0.16555804,0.58878565,0.16710392,-0.22330578,-0.032541484,-2.3007052,-1.4738381,0.71639115,-1.2706689,1.3879793,-0.30791774,-1.8044797,-0.7603191,-0.9411805,0.90482616,-0.1321293,0.7815895,-1.3125728,-1.0942601,-1.50605,2.3702369,-0.596324,-0.6488753,-0.071188375,0.30000785,-0.046001192,-1.0248591,-0.05292175
0.2557366,-0.08824871,-1.6868076,-0.8659303,2.4397786,-0.5785602,-1.2967662,1.4513046,-0.006294587,-1.1801599,-0.34346265,-0.2196025,1.0411334,-1.4458892,-0.95403385,-0.014257256,-1.3134274,-0.36278114,0.44869277,-1.4956404,0.5621852,1.1075329,-1.0170488,-0.577627,0.41461194,0.2185773,-0.18752056,2.5192816,1.6777995,1.2085999,-0.60692585,0.24469016,1.4864006,-0.1519181,-0.51422167,-0.19372481,0.22529241,0.1031777,0.5934949,0.47304022,-1.0238338,-2.2714584,-0.79323936,-0.45176685,0.7979545,0.72586167,1.255713,-0.6719861,-1.3299632,-1.056603,-0.3551737,-0.99222785,-0.19809556,-0.666442,1.7163576,-0.7519163,-0.8210264,1.7529445,0.23355539,1.2161276,-1.0088756,-0.5089812,-1.293109,-0.12760699
