73.11587,11.008848,-6.9934373,6.5379586,0.99699616,3.5268943,-21.09826,4.3231997,6.2929387,10.259556,-10.789898,-7.11354,3.8945541,0.21001856,6.6590824,-4.258759,-1.4443876,0.6938781,2.854967,-3.4370968,13.04114,2.7405074,-1.8564199,11.802916,-5.628282,-5.7928424,2.6886375,-6.719391,6.3311944,5.1734734,-20.133583,7.487346,-3.5055728,0.92433983,-20.779665,-2.2035193,1.9631449,1.5024618,7.452164,-4.5796266,6.9678826,-2.1800213,-5.2705293,-14.008198,8.225666,-16.915127,-4.8847294,-13.895391,15.702156,11.025202,-4.5944004,14.975684,11.758888,-1.1808667,2.2121418,10.128694,5.9053526,4.3524556,-12.742436,7.621439,-0.6878091,0.42982462,-1.8243791,1.174647
11.008848,55.753723,-1.1521955,3.0036225,0.43544918,-2.4627602,-3.599764,-4.4060016,9.692108,11.824771,7.756324,14.160115,-0.25244164,1.2177452,-2.0833843,-11.070771,-3.289603,-1.3581575,0.6348088,-11.439908,7.2877707,-3.3082695,2.9762557,-4.78383,-7.740092,4.3865213,2.5482628,-2.0914032,13.213597,0.38696632,-11.623593,2.580848,0.31603175,-16.081835,7.7180057,-1.0863426,4.106911,11.372696,-6.2218084,-2.5821455,0.45396492,-2.4066274,7.17277,-6.2166452,-5.808224,-4.841249,-11.499442,-10.848241,4.3448653,-1.5534867,-4.5101,-2.9876645,-4.2412167,1.8115427,0.9704539,0.92641413,-0.5172502,-4.801499,4.2504992,-6.3738823,9.4872875,8.3739,-4.208408,2.446902
-6.9934373,-1.1521955,69.54682,-6.253032,0.064426824,7.796116,-1.9395385,-6.5357614,-9.674437,-5.5435205,4.986137,-2.512063,9.820116,1.9439452,3.9083629,3.4633405,21.459698,-10.829991,-8.9835825,6.4833264,-4.4590106,12.056566,14.25921,6.197895,-6.7500567,-3.524304,2.5539603,-1.7086456,7.4404087,-6.2229404,7.745206,-18.301378,6.87761,-4.416604,-8.320693,-10.451748,3.2585926,-9.991133,-0.6919909,-14.905124,-2.3865378,8.394173,-4.658159,11.89703,-3.8360944,10.885914,10.917846,-7.158236,3.7024033,14.600645,1.9746354,3.27627,-12.074306,0.69680166,-3.6945517,17.276281,-15.277574,-7.903167,4.85825,-5.797194,1.6475044,0.31734622,7.153813,1.3830756
6.5379586,3.0036225,-6.253032,59.37082,5.060806,5.905857,21.384163,13.035452,4.0520005,0.15351573,7.6957593,-0.5729246,9.970961,-4.488065,7.7980886,0.4847287,16.381859,3.3927448,-0.6729646,-0.5642446,2.4649801,0.031593226,4.19588,-2.6954005,2.256872,-10.612202,6.384774,-5.675505,-4.1672,8.580218,-14.082087,-1.9976395,-5.3303113,3.656922,-2.0453677,7.019375,-10.461989,-4.0004964,-9.692034,-1.9064918,-6.7811913,-4.722284,5.076241,14.302996,1.069615,5.389031,10.455894,2.4766948,-2.4869192,5.5726924,-7.3161526,0.86028254,-0.3533421,1.4778852,-0.39936575,-4.453291,-6.1212363,4.9868426,-12.30734,-9.597308,-1.2094693,7.7244725,9.526752,4.34059
0.99699616,0.43544918,0.064426824,5.060806,76.63274,-2.8165042,-21.150208,1.6495456,-3.758185,1.1706408,-16.995264,2.46797,0.8074406,0.8238266,0.006511819,6.7068124,7.0219626,-15.088414,-8.347763,5.2935014,4.321425,1.5543242,-4.4315715,2.5339084,-8.362613,-1.6451188,-5.2625437,0.022019079,13.749366,4.167017,7.4674773,-5.397153,-2.0002544,0.46953663,-3.9681864,1.0241997,-12.781,9.0907345,12.324458,-9.791445,-2.4176722,-12.754618,-7.009339,3.8490748,-1.651539,-13.272653,5.630039,-11.578281,-4.768043,13.0800495,-6.7794456,-5.81588,0.26390824,5.8993993,-0.6344289,0.27721322,1.9292195,12.00772,5.7313137,-21.911165,13.439474,-8.766104,-7.7656617,-3.6114793
3.5268943,-2.4627602,7.796116,5.905857,-2.8165042,62.936825,2.6543286,7.1103644,-13.197308,-13.480223,11.054688,-6.9569964,-5.665612,-6.261491,-1.2620856,5.0665684,7.440979,-12.674407,-9.218174,-2.777085,-14.063806,-10.801198,14.79685,-0.1514931,-0.30370498,9.724251,4.9604073,-11.192287,-7.969047,1.0008069,-6.92895,-6.9136324,19.652096,4.9241815,-19.749752,5.083454,-0.7457814,-6.6858754,2.9682229,-10.764634,-2.296529,-12.9856825,12.762346,11.386959,-7.718019,-11.5621805,-14.706376,8.714364,-0.6467307,-4.0188065,-1.2830913,0.56759375,-3.567049,4.151921,-0.0554901,9.826122,-10.401927,-1.663071,4.359719,2.6540008,4.5126867,18.58288,-8.905517,5.940573
-21.09826,-3.599764,-1.9395385,21.384163,-21.150208,2.6543286,80.85808,2.0145826,6.733061,-17.260477,5.1062946,0.7223704,4.7150664,6.8090887,-2.455449,-5.084052,2.3021767,-6.6211047,-10.68932,-5.7390003,-7.315355,-11.582726,10.544042,-13.565144,7.2941914,-9.762541,10.539098,5.5718365,-0.7529567,0.82436633,-1.8749254,-6.880796,4.0887465,9.745504,4.3037395,12.571898,3.559702,-1.420331,0.94314826,3.5705092,-0.06995439,-0.97262126,3.9567883,15.586885,7.178087,22.631937,-1.3544669,11.399329,-6.1562123,-11.42966,14.929472,8.152252,-19.271673,-12.6243725,-1.486373,-2.567545,-5.6171923,1.6462829,-4.9390173,2.5632613,-9.484668,12.626515,3.0067415,4.4153595
4.3231997,-4.4060016,-6.5357614,13.035452,1.6495456,7.1103644,2.0145826,69.83525,-9.318453,2.4883957,-2.0429928,-18.944118,-1.9199132,-15.061616,4.312799,-6.95428,11.56712,-2.477175,9.525328,0.49868658,-10.918388,6.9053555,-2.87687,4.9406476,11.930756,8.076666,-9.291271,-8.693014,-10.186522,-3.0317495,-11.461923,8.489029,-0.86010975,4.7749524,1.7473589,-7.394688,-2.5440302,-10.037635,3.1314676,-9.980446,0.0854654,2.010971,1.759379,-3.5016077,9.044351,-13.104709,12.127718,-7.4171586,-6.536182,-0.5346424,-10.207162,6.132123,-8.262657,-12.815528,-2.4773333,2.110483,-5.9490023,21.469408,-9.151114,-2.9006383,-5.584428,9.337036,-1.0410129,-3.0675116
6.2929387,9.692108,-9.674437,4.0520005,-3.758185,-13.197308,6.733061,-9.318453,69.8867,7.4824758,-11.0661125,3.776915,7.4803333,-4.76234,-0.44590488,8.624793,-4.858731,-6.8905077,-9.112528,-4.6361713,4.719255,3.264498,-8.556203,-0.11314886,4.0986443,-9.911049,1.3052373,5.4440403,6.370742,2.5898972,-1.327982,12.989017,9.972605,0.5774238,14.054878,14.176237,0.4386048,10.739839,5.49674,8.635394,3.1643462,-5.371366,-8.68841,-8.097197,5.4022026,12.132969,-2.5049744,-5.0524664,6.395282,-6.853819,-3.4739437,-2.630723,-10.562296,-2.8720796,8.321174,-8.650334,3.6548214,0.99024695,0.5317011,-0.5586284,5.3551855,1.9027759,17.34458,-9.372355
10.259556,11.824771,-5.5435205,0.15351573,1.1706408,-13.480223,-17.260477,2.4883957,7.4824758,83.98189,-9.404767,8.976704,-2.4938467,7.650355,9.125516,-2.492786,-10.401885,22.152548,9.73086,20.356058,-4.1434546,15.514107,-9.47393,11.878352,-28.674614,8.392265,-19.66274,-1.0558288,-7.658947,5.572854,7.1512556,0.28253663,-9.508696,-18.472292,13.609708,6.38914,1.4627322,11.956508,-5.5976763,-16.074007,17.680962,-2.7536592,7.708444,-15.434504,-8.2511215,10.005034,-9.986136,-7.5303445,-0.9867647,-21.576326,1.2156223,0.88168335,2.5398896,-11.584473,-13.60093,10.86087,12.1230545,-7.3887033,-16.196228,-12.975059,12.824923,4.625616,16.037699,-26.095919
-10.789898,7.756324,4.986137,7.6957593,-16.995264,11.054688,5.1062946,-2.0429928,-11.0661125,-9.404767,58.426876,3.0699978,10.338215,13.374615,9.552372,-5.548978,6.9021816,6.301181,-3.1635535,-18.236073,-4.090269,-4.055821,0.14160657,-7.000892,9.611608,3.5943651,-2.7071767,-3.203126,2.0185761,-7.081115,-5.340618,-14.031569,-4.220222,-17.227863,1.1409191,-2.390737,-10.559984,-3.4477713,-7.9548173,-2.5246756,-20.828753,8.121478,-2.2961154,18.271837,1.8965534,-7.2959533,3.4186358,9.975692,-7.504084,-10.419688,-11.95807,-4.620661,-1.4570214,6.5737844,-1.9061885,-0.06882977,-7.7170267,-1.9652466,0.98452884,16.38863,1.6423013,8.183267,2.2924929,10.9416275
-7.11354,14.160115,-2.512063,-0.5729246,2.46797,-6.9569964,0.7223704,-18.944118,3.776915,8.976704,3.0699978,65.1128,-7.9570117,-5.137472,-5.219356,2.3276289,-2.2888548,-11.129859,-0.42396876,-17.435661,17.044834,-1.4177032,4.6767235,3.0857396,-11.099905,1.1762221,-5.4261146,2.036105,19.785158,6.3457484,-4.1635547,-8.908733,6.1853886,3.0200524,15.94011,2.3524137,9.009818,5.406688,-15.036752,12.800944,11.995362,14.90557,5.924274,16.60045,-3.1143816,7.0618873,3.673646,5.217528,-2.652676,-6.0918293,-17.541922,-5.7002625,-6.418246,-3.488029,-3.7178912,-3.2256384,4.270335,5.117436,-5.8965025,-4.0038934,11.551205,-8.174177,3.5027766,-0.21486782
3.8945541,-0.25244164,9.820116,9.970961,0.8074406,-5.665612,4.7150664,-1.9199132,7.4803333,-2.4938467,10.338215,-7.9570117,58.31882,4.8451777,9.083422,-1.7277278,7.8790383,5.1385937,-2.1004038,-5.4045486,-3.3420837,9.941814,2.8599331,-7.5085754,-2.0091572,-11.922866,2.0020473,-1.4083394,4.3879704,-2.4100685,-0.55455464,8.824274,11.831914,-6.696711,-0.21627668,4.954334,-0.8159179,-1.6998285,5.0484567,-5.180927,-1.400539,6.0994654,-1.6099404,4.6457496,5.3047376,12.7619,14.673433,-11.562265,10.392312,3.4946907,3.2809143,-6.4900837,6.417588,8.50051,5.948594,-6.274088,2.0800123,4.4206867,3.5076654,15.687888,-9.98901,2.1276712,2.1733975,-8.918942
0.21001856,1.2177452,1.9439452,-4.488065,0.8238266,-6.261491,6.8090887,-15.061616,-4.76234,7.650355,13.374615,-5.137472,4.8451777,72.0766,0.2622045,-10.873334,-10.388369,13.554589,-7.7922273,7.915023,-4.3452263,-7.1658545,25.323414,9.972575,-3.7821612,0.010126879,3.055002,10.765708,7.0596776,1.3816051,6.5746355,-7.2918677,-4.861235,-17.228186,1.3895937,-5.523965,0.6146776,-1.9707861,11.913115,-3.819878,-14.197395,3.9851482,-11.730852,1.4649248,-2.7152197,0.163075,-6.1138344,-3.7404978,-8.8494,4.8904834,-0.045132615,-2.2534795,0.20670484,8.185561,-8.619902,5.6138873,8.660179,-3.9917305,-14.634588,5.961674,4.1770744,13.712073,5.502458,-7.697562
6.6590824,-2.0833843,3.9083629,7.7980886,0.006511819,-1.2620856,-2.455449,4.312799,-0.44590488,9.125516,9.552372,-5.219356,9.083422,0.2622045,63.83507,5.9697366,13.800579,12.790377,12.2914,-1.8610921,-1.6823376,12.863821,6.243578,6.8845105,5.6999307,-3.3625782,-5.2265863,2.1756344,-7.730193,0.7130371,-6.337422,-4.9609513,3.5233493,5.845686,20.303308,1.8659915,2.8002236,4.652982,-9.793815,9.943657,-8.329563,9.91888,-13.696945,6.997921,-1.1873255,-9.463449,17.697535,-1.6121366,12.124466,-4.9413657,11.8540125,-5.6587486,-11.081159,-2.5592303,-3.7068493,7.831004,15.635135,-7.0975394,7.7974296,4.0820394,-0.51073474,10.747315,13.340419,-7.5361094
-4.258759,-11.070771,3.4633405,0.4847287,6.7068124,5.0665684,-5.084052,-6.95428,8.624793,-2.492786,-5.548978,2.3276289,-1.7277278,-10.873334,5.9697366,58.112747,5.2608695,-5.360272,0.8133398,-5.6421266,-3.879353,13.774857,-8.341914,-0.13624136,-5.6212845,2.6488857,12.431615,5.154312,-12.948653,1.3845779,10.153865,-5.5072308,14.231631,-2.0680087,-2.685757,-1.5138457,-15.875515,12.740086,-3.6644447,18.310413,-6.247716,-6.91758,0.952625,3.6793196,2.2456288,9.031128,8.640135,-2.4623413,-6.080585,3.407881,3.2484298,3.5935922,-8.905224,3.0629582,-14.700843,6.889291,26.644732,-7.462054,14.336109,-3.078229,-8.492838,-3.6065872,4.7978625,-3.541285
-1.4443876,-3.289603,21.459698,16.381859,7.0219626,7.440979,2.3021767,11.56712,-4.858731,-10.401885,6.9021816,-2.2888548,7.8790383,-10.388369,13.800579,5.2608695,63.75853,-19.745337,0.44572952,-1.2039016,3.5600457,0.7664158,8.797754,6.26222,9.911996,-7.0509377,0.727556,-0.57918066,5.4013615,-4.4681334,5.3075814,-12.898437,-7.2180986,10.9492235,-3.9371068,3.0199287,-1.5243912,-1.9111043,-4.060715,-7.980206,-12.14231,10.399794,-2.6559393,9.32336,1.7803229,-0.28587842,0.76295763,3.9603262,1.1451696,9.941402,-6.7103405,-4.3657794,-7.5441904,6.2087426,3.4631634,15.319223,5.8732824,-0.44075558,8.839821,7.4133725,-3.6743166,-0.7941963,7.467567,-2.9907777
0.6938781,-1.3581575,-10.829991,3.3927448,-15.088414,-12.674407,-6.6211047,-2.477175,-6.8905077,22.152548,6.301181,-11.129859,5.1385937,13.554589,12.790377,-5.360272,-19.745337,78.49211,6.183039,16.007746,-4.498752,8.650193,-8.777774,9.963391,-15.485546,-6.4539514,2.6826384,-2.8924968,-21.710094,-12.648403,-6.9274445,6.215397,-7.1783032,-18.311789,-0.6744444,-0.27183247,7.3242397,-9.829477,-15.777973,-3.5130453,-1.8471067,1.3039926,-6.143145,5.113568,3.7657425,4.21112,-3.7992225,1.271412,13.93461,-11.84518,-3.4583733,4.4360056,1.7035152,4.672494,-6.330115,-9.088509,16.227829,4.0047183,-1.4607298,16.343946,16.018095,6.642568,5.0649467,-10.717713
2.854967,0.6348088,-8.9835825,-0.6729646,-8.347763,-9.218174,-10.68932,9.525328,-9.112528,9.73086,-3.1635535,-0.42396876,-2.1004038,-7.7922273,12.2914,0.8133398,0.44572952,6.183039,60.28166,6.2389536,-9.138223,-2.860291,-6.2388725,2.963019,7.411837,13.192547,-9.622537,0.4322587,-3.6447604,-7.590918,-11.823908,-2.515913,-12.677395,6.8606653,8.676584,-2.9677205,-3.9134936,-2.3201773,-3.8020773,-0.099029124,3.753564,-1.8000268,-5.99838,-6.773998,-1.1256577,5.742408,5.4012136,8.404269,-5.813095,-3.144131,-2.562947,-7.373432,3.8005948,-5.2815986,4.4321523,2.9035249,4.9106126,-5.7852945,-8.507779,-1.629365,1.5759236,-6.7233133,-14.424691,-5.311682
-3.4370968,-11.439908,6.4833264,-0.5642446,5.2935014,-2.777085,-5.7390003,0.49868658,-4.6361713,20.356058,-18.236073,-17.435661,-5.4045486,7.915023,-1.8610921,-5.6421266,-1.2039016,16.007746,6.2389536,96.904755,-6.7446184,-2.1971784,-5.904423,31.689465,-7.2962437,6.4339933,-4.467559,-4.042967,-11.053836,3.358835,4.6703887,2.6144662,-0.63375676,6.1174955,-5.2377796,4.5837417,3.2695558,-3.7588198,7.0177855,-7.3929906,9.46545,7.1587877,4.396849,5.113513,-7.241115,6.9530454,3.2580056,-9.938982,2.100816,-0.8703586,12.256011,7.02128,6.753598,-6.856233,-3.7959025,1.6278362,17.105581,-11.695398,-1.1194992,2.2965355,8.867134,8.578166,-1.5371188,7.525056
13.04114,7.2877707,-4.4590106,2.4649801,4.321425,-14.063806,-7.315355,-10.918388,4.719255,-4.1434546,-4.090269,17.044834,-3.3420837,-4.3452263,-1.6823376,-3.879353,3.5600457,-4.498752,-9.138223,-6.7446184,67.20529,7.5915537,-4.2902474,1.9445158,-3.346452,-14.046756,6.2893453,-2.8795702,8.452606,-8.490593,8.174947,-3.863582,-12.320021,11.345405,0.13963565,2.7508287,1.7885077,-6.369894,-6.834722,1.4451216,-4.181744,15.083121,-4.478701,-2.8505466,4.3748093,-14.261826,0.26256692,-7.140768,5.5141835,0.2809069,-11.473643,-0.7975665,5.0673656,1.6974795,-5.1355157,9.144436,1.9116522,9.903643,-4.2186847,8.259609,-3.6653724,-6.0664806,-2.602673,5.3798428
2.7405074,-3.3082695,12.056566,0.031593226,1.5543242,-10.801198,-11.582726,6.9053555,3.264498,15.514107,-4.055821,-1.4177032,9.941814,-7.1658545,12.863821,13.774857,0.7664158,8.650193,-2.860291,-2.1971784,7.5915537,73.0169,-8.638169,-1.1846945,-12.606255,4.201317,2.803747,13.333133,-5.16009,-3.5649455,8.426213,8.439288,-2.221039,4.5636177,-15.200286,-6.4026985,-6.6168294,11.9392,-5.1134386,8.154357,-10.22558,14.32489,-14.024578,5.019181,0.798085,2.1567028,15.24311,-12.091854,9.121176,-5.002129,-10.81164,8.836962,-7.7013965,7.848105,-2.294606,4.789807,5.4197226,8.416367,-3.9535913,-5.9499345,2.1549335,-17.311583,16.062521,-11.381235
-1.8564199,2.9762557,14.25921,4.19588,-4.4315715,14.79685,10.544042,-2.87687,-8.556203,-9.47393,0.14160657,4.6767235,2.8599331,25.323414,6.243578,-8.341914,8.797754,-8.777774,-6.2388725,-5.904423,-4.2902474,-8.638169,64.20639,-8.530047,10.3396435,-2.0550828,-0.59326434,11.66909,12.2821665,7.943841,5.9423065,-10.715274,1.6575812,0.29491472,12.212613,-8.959948,8.888105,-5.138286,2.7872005,0.9489004,-1.7572757,-4.8285947,-10.9091425,1.2760048,3.7695155,1.1825074,11.644664,-9.044553,5.8333507,7.7439294,7.1323233,5.2707887,7.390397,-2.607564,-3.9568305,10.598507,-8.874168,1.3068534,1.5342951,5.2125354,2.4662337,16.960321,2.8722405,-9.216029
11.802916,-4.78383,6.197895,-2.6954005,2.5339084,-0.1514931,-13.565144,4.9406476,-0.11314886,11.878352,-7.000892,3.0857396,-7.5085754,9.972575,6.8845105,-0.13624136,6.26222,9.963391,2.963019,31.689465,1.9445158,-1.1846945,-8.530047,60.178574,1.0707339,2.7146745,-6.227022,1.9255236,0.012438041,5.448069,3.6427898,0.9881172,5.472398,1.2328256,1.5933943,-6.480995,9.894805,1.1296569,-4.2485857,0.24976963,3.217805,5.0625296,16.149889,-3.8561532,-8.348224,-4.8057013,-5.945479,-2.1626668,-1.5446008,-3.7445693,-4.1558867,-2.419331,-0.01678464,-3.3971176,8.660037,12.67287,11.000279,3.6605482,-4.4515963,3.5684779,6.4800534,7.7978644,-0.8932138,-0.7231608
-5.628282,-7.740092,-6.7500567,2.256872,-8.362613,-0.30370498,7.2941914,11.930756,4.0986443,-28.674614,9.611608,-11.099905,-2.0091572,-3.7821612,5.6999307,-5.6212845,9.911996,-15.485546,7.411837,-7.2962437,-3.346452,-12.606255,10.3396435,1.0707339,61.984226,-8.723056,5.1539726,-2.4978588,9.270262,8.142708,-6.127473,6.4564905,1.8426257,-1.408367,7.979905,-0.111662135,-3.9132988,-2.6063302,3.1112168,17.26076,-4.4210725,-7.411003,3.9761386,-0.14793096,-5.138029,-6.274391,8.404383,9.265952,-9.684188,4.9706335,-8.2056055,2.1860669,2.5469048,-4.3941345,8.784981,-7.1471124,-17.08222,0.41686538,-0.15612648,6.0762467,1.72922,13.499998,-9.091521,3.884474
-5.7928424,4.3865213,-3.524304,-10.612202,-1.6451188,9.724251,-9.762541,8.076666,-9.911049,8.392265,3.5943651,1.1762221,-11.922866,0.010126879,-3.3625782,2.6488857,-7.0509377,-6.4539514,13.192547,6.4339933,-14.046756,4.201317,-2.0550828,2.7146745,-8.723056,51.22025,-11.170932,1.1395384,-5.378271,5.618555,-1.5574476,-6.6411963,0.90594023,3.06234,10.569414,-10.29093,-1.3231831,3.4932034,-4.1363177,-10.077242,-6.0982203,9.536027,16.097748,-2.849159,0.583695,-4.381805,1.323301,-0.9992617,-9.891941,-7.8964868,-3.455801,7.9365315,2.348148,-2.9748006,-1.5530608,9.15569,3.8937197,-2.0297434,-10.404761,-8.327553,-4.7886577,3.1246934,-1.646608,3.73982
2.6886375,2.5482628,2.5539603,6.384774,-5.2625437,4.9604073,10.539098,-9.291271,1.3052373,-19.66274,-2.7071767,-5.4261146,2.0020473,3.055002,-5.2265863,12.431615,0.727556,2.6826384,-9.622537,-4.467559,6.2893453,2.803747,-0.59326434,-6.227022,5.1539726,-11.170932,64.464066,4.118299,5.401522,12.08033,15.413736,9.690847,20.519186,4.5194054,-8.288118,1.7021308,-6.321029,-0.3873282,1.6159227,15.888997,-9.943926,-2.4527915,-5.93312,10.29725,0.31082985,-6.321876,-8.146171,18.002975,-4.670399,5.9691005,-7.460503,8.837247,-17.082602,12.772925,-14.4249325,2.6023936,8.739269,2.389901,2.314166,-0.8131241,-9.593446,-2.310486,-5.150169,0.9209247
-6.719391,-2.0914032,-1.7086456,-5.675505,0.022019079,-11.192287,5.5718365,-8.693014,5.4440403,-1.0558288,-3.203126,2.036105,-1.4083394,10.765708,2.1756344,5.154312,-0.57918066,-2.8924968,0.4322587,-4.042967,-2.8795702,13.333133,11.66909,1.9255236,-2.4978588,1.1395384,4.118299,62.993347,-3.712392,8.636818,6.2065578,-0.36504015,5.382678,4.4535832,7.4035244,-13.212299,1.9185895,21.486694,-4.765284,15.695187,-7.6080685,-7.523088,-11.665933,-7.6063566,-1.1372544,17.305138,7.1639867,10.38507,-11.338943,-7.097576,-1.4225532,-0.14267458,-18.908344,9.023506,10.907656,8.4519,4.2547255,-2.7581232,1.9883373,2.0642588,-14.349749,-11.123864,3.82712,-11.539321
6.3311944,13.213597,7.4404087,-4.1672,13.749366,-7.969047,-0.7529567,-10.186522,6.370742,-7.658947,2.0185761,19.785158,4.3879704,7.0596776,-7.730193,-12.948653,5.4013615,-21.710094,-3.6447604,-11.053836,8.452606,-5.16009,12.2821665,0.012438041,9.270262,-5.378271,5.401522,-3.712392,73.64819,15.878612,2.3545897,-0.96754235,11.8649025,-2.1438067,-5.0117183,1.5962392,1.1303759,4.6564274,5.8313684,1.6246371,-2.2866428,-1.097511,-6.808785,-2.5225856,-0.7502052,-6.8929887,4.922076,-9.382668,1.6955367,-2.7651086,-4.9085917,9.16095,0.16380394,-13.762215,15.629376,7.9472528,-13.454107,0.035277266,7.31666,-6.0348487,0.20820273,11.069286,0.6368827,-9.606616
5.1734734,0.38696632,-6.2229404,8.580218,4.167017,1.0008069,0.82436633,-3.0317495,2.5898972,5.572854,-7.081115,6.3457484,-2.4100685,1.3816051,0.7130371,1.3845779,-4.4681334,-12.648403,-7.590918,3.358835,-8.490593,-3.5649455,7.943841,5.448069,8.142708,5.618555,12.08033,8.636818,15.878612,59.01882,1.1960808,14.493823,17.262785,4.7559648,-1.1379932,2.058621,10.183994,7.3398685,8.31969,7.609161,9.736585,-4.2688966,0.3227553,2.1145823,-2.2219474,-3.928111,2.044527,0.34754437,-14.277766,-2.6330488,5.2161174,7.769104,3.0090697,-0.12108334,13.64358,0.79278713,-6.09381,-10.450775,-0.73535436,-0.05683449,-10.135493,11.318426,-0.17889711,-8.271445
-20.133583,-11.623593,7.745206,-14.082087,7.4674773,-6.92895,-1.8749254,-11.461923,-1.327982,7.1512556,-5.340618,-4.1635547,-0.55455464,6.5746355,-6.337422,10.153865,5.3075814,-6.9274445,-11.823908,4.6703887,8.174947,8.426213,5.9423065,3.6427898,-6.127473,-1.5574476,15.413736,6.2065578,2.3545897,1.1960808,79.249535,-9.068525,-10.11382,0.8227453,7.358111,10.956736,-3.6544015,2.508523,5.981386,2.8317592,5.26873,-9.577049,0.41901362,-5.155486,2.0619905,1.235355,-10.591855,-6.374004,5.6909432,6.21743,4.4629264,-0.21082014,5.294309,0.020220444,-17.11135,17.119097,7.8297153,-13.91269,8.811008,10.605625,-7.2477283,-8.81735,11.021989,-6.364292
7.487346,2.580848,-18.301378,-1.9976395,-5.397153,-6.9136324,-6.880796,8.489029,12.989017,0.28253663,-14.031569,-8.908733,8.824274,-7.2918677,-4.9609513,-5.5072308,-12.898437,6.215397,-2.515913,2.6144662,-3.863582,8.439288,-10.715274,0.9881172,6.4564905,-6.6411963,9.690847,-0.36504015,-0.96754235,14.493823,-9.068525,54.892338,8.904461,-5.053588,-12.61216,8.145968,1.4959891,6.9892855,-5.7690187,17.146927,9.196866,-5.9731016,1.0694485,-4.153908,3.0088663,0.79090464,-7.1852283,-5.3125763,-8.247077,-3.909484,0.80484414,3.3335571,1.4453518,7.3170805,12.047097,-16.402033,3.1392086,2.359309,-2.9256396,0.70555544,-2.9508483,-6.4227004,-0.79606444,-0.7136764
-3.5055728,0.31603175,6.87761,-5.3303113,-2.0002544,19.652096,4.0887465,-0.86010975,9.972605,-9.508696,-4.220222,6.1853886,11.831914,-4.861235,3.5233493,14.231631,-7.2180986,-7.1783032,-12.677395,-0.63375676,-12.320021,-2.221039,1.6575812,5.472398,1.8426257,0.90594023,20.519186,5.382678,11.8649025,17.262785,-10.11382,8.904461,94.7363,3.8846776,5.2455564,-0.019549415,1.4584928,0.99973285,0.49423853,14.626339,-13.004157,-9.107377,10.236993,17.02751,-7.399681,-5.728594,3.264342,-3.885183,-5.980297,-9.859915,-8.943959,5.6464806,-11.704423,2.715721,-3.3200686,-2.4884052,14.126957,0.357157,11.999464,0.7738911,-17.802612,0.48496336,-6.543258,3.5329475
0.92433983,-16.081835,-4.416604,3.656922,0.46953663,4.9241815,9.745504,4.7749524,0.5774238,-18.472292,-17.227863,3.0200524,-6.696711,-17.228186,5.845686,-2.0680087,10.9492235,-18.311789,6.8606653,6.1174955,11.345405,4.5636177,0.29491472,1.2328256,-1.408367,3.06234,4.5194054,4.4535832,-2.1438067,4.7559648,0.8227453,-5.053588,3.8846776,66.34172,1.7599481,5.338386,1.5718337,-2.679829,8.537759,0.6360127,0.99531186,21.009232,-9.345412,-1.6044005,-6.2130938,-13.969432,14.467487,4.7119403,3.9409614,-5.5618362,3.3773983,0.8328409,-5.8725967,1.3547698,12.1481085,1.288248,4.167952,10.920192,-0.9021167,-3.5668333,4.3709064,-13.218706,-3.682282,7.0537195
-20.779665,7.7180057,-8.320693,-2.0453677,-3.9681864,-19.749752,4.3037395,1.7473589,14.054878,13.609708,1.1409191,15.94011,-0.21627668,1.3895937,20.303308,-2.685757,-3.9371068,-0.6744444,8.676584,-5.2377796,0.13963565,-15.200286,12.212613,1.5933943,7.979905,10.569414,-8.288118,7.4035244,-5.0117183,-1.1379932,7.358111,-12.61216,5.2455564,1.7599481,84.08222,-4.887763,13.78258,-4.023062,-5.527826,10.971421,-8.496206,3.4199913,9.385905,-10.809178,-0.2686386,1.1415598,14.268155,-8.885916,-0.322519,-11.711747,4.4043245,-10.676167,-3.8856773,-18.058926,-16.33092,2.0714693,5.5185,-1.9028018,-2.7182333,-4.8001094,-8.562697,14.6893015,3.664758,-8.806649
-2.2035193,-1.0863426,-10.451748,7.019375,1.0241997,5.083454,12.571898,-7.394688,14.176237,6.38914,-2.390737,2.3524137,4.954334,-5.523965,1.8659915,-1.5138457,3.0199287,-0.27183247,-2.9677205,4.5837417,2.7508287,-6.4026985,-8.959948,-6.480995,-0.111662135,-10.29093,1.7021308,-13.212299,1.5962392,2.058621,10.956736,8.145968,-0.019549415,5.338386,-4.887763,55.80156,1.0126659,2.5571826,7.837601,-4.29867,8.827604,-13.431305,-2.5716324,9.112948,-10.619423,7.7976885,-10.18818,-9.1823015,8.34273,4.1908946,14.199059,-8.423344,8.431593,-2.7045584,12.570009,-1.0367756,5.589517,-2.2654243,-1.1691874,8.983479,8.3617935,-0.09642735,-3.2091448,-0.0058863773
1.9631449,4.106911,3.2585926,-10.461989,-12.781,-0.7457814,3.559702,-2.5440302,0.4386048,1.4627322,-10.559984,9.009818,-0.8159179,0.6146776,2.8002236,-15.875515,-1.5243912,7.3242397,-3.9134936,3.2695558,1.7885077,-6.6168294,8.888105,9.894805,-3.9132988,-1.3231831,-6.321029,1.9185895,1.1303759,10.183994,-3.6544015,1.4959891,1.4584928,1.5718337,13.78258,1.0126659,50.870438,-8.848561,-4.6981497,0.00053406437,14.918503,-5.9573355,-0.72364956,-9.051246,-0.4016658,7.5084553,-12.494511,1.0786633,9.097229,8.080808,-1.0650333,-2.33419,-6.1162443,-4.7067127,-1.2212731,0.096425906,0.7705127,-6.367299,-4.589599,3.8896167,-1.7611841,9.712095,-2.5211396,-8.670423
1.5024618,11.372696,-9.991133,-4.0004964,9.0907345,-6.6858754,-1.420331,-10.037635,10.739839,11.956508,-3.4477713,5.406688,-1.6998285,-1.9707861,4.652982,12.740086,-1.9111043,-9.829477,-2.3201773,-3.7588198,-6.369894,11.9392,-5.138286,1.1296569,-2.6063302,3.4932034,-0.3873282,21.486694,4.6564274,7.3398685,2.508523,6.9892855,0.99973285,-2.679829,-4.023062,2.5571826,-8.848561,54.42228,-5.873605,10.599227,-3.2664392,-10.716322,-4.1502604,-14.750497,-16.117403,8.1228,-4.2160163,2.1891131,-2.871298,-9.215293,9.192454,9.876786,-12.833835,10.272774,9.9546585,1.9494652,10.609532,-6.67653,6.576523,-6.180402,5.1405363,1.6625928,6.8257036,5.058991
7.452164,-6.2218084,-0.6919909,-9.692034,12.324458,2.9682229,0.94314826,3.1314676,5.49674,-5.5976763,-7.9548173,-15.036752,5.0484567,11.913115,-9.793815,-3.6644447,-4.060715,-15.777973,-3.8020773,7.0177855,-6.834722,-5.1134386,2.7872005,-4.2485857,3.1112168,-4.1363177,1.6159227,-4.765284,5.8313684,8.31969,5.981386,-5.7690187,0.49423853,8.537759,-5.527826,7.837601,-4.6981497,-5.873605,51.433624,-20.098934,6.6950192,2.2878613,-19.677917,-6.752142,1.6699221,-15.759683,-3.5550542,-11.027679,6.319808,-2.1522853,9.699638,-2.3073597,2.7532551,1.9569119,14.213307,9.006442,-2.5484123,-4.0137067,2.9212658,1.1906817,-5.4100785,2.6702192,-17.157692,-10.822341
-4.5796266,-2.5821455,-14.905124,-1.9064918,-9.791445,-10.764634,3.5705092,-9.980446,8.635394,-16.074007,-2.5246756,12.800944,-5.180927,-3.819878,9.943657,18.310413,-7.980206,-3.5130453,-0.099029124,-7.3929906,1.4451216,8.154357,0.9489004,0.24976963,17.26076,-10.077242,15.888997,15.695187,1.6246371,7.609161,2.8317592,17.146927,14.626339,0.6360127,10.971421,-4.29867,0.00053406437,10.599227,-20.098934,66.84004,-10.194136,-3.645977,10.94821,2.2011764,5.6859484,4.6136584,8.970709,-1.7461563,-12.26957,7.1338077,1.7091006,3.0881457,-6.589455,3.8144925,-12.81715,-8.0996475,2.4916751,-4.559884,9.704544,6.715951,-6.8599586,-5.483311,0.55297476,-0.5972857
6.9678826,0.45396492,-2.3865378,-6.7811913,-2.4176722,-2.296529,-0.06995439,0.0854654,3.1643462,17.680962,-20.828753,11.995362,-1.400539,-14.197395,-8.329563,-6.247716,-12.14231,-1.8471067,3.753564,9.46545,-4.181744,-10.22558,-1.7572757,3.217805,-4.4210725,-6.0982203,-9.943926,-7.6080685,-2.2866428,9.736585,5.26873,9.196866,-13.004157,0.99531186,-8.496206,8.827604,14.918503,-3.2664392,6.6950192,-10.194136,56.5605,-7.072834,-1.4719021,-4.383153,8.230759,11.824973,-7.898807,3.8825445,15.556039,4.5426364,2.386012,-4.633603,10.141308,-6.791155,9.234078,-1.8973676,-5.9475894,-6.3989916,0.101406835,-0.614093,10.69887,-5.9809036,-4.2424083,-8.462325
-2.1800213,-2.4066274,8.394173,-4.722284,-12.754618,-12.9856825,-0.97262126,2.010971,-5.371366,-2.7536592,8.121478,14.90557,6.0994654,3.9851482,9.91888,-6.91758,10.399794,1.3039926,-1.8000268,7.1587877,15.083121,14.32489,-4.8285947,5.0625296,-7.411003,9.536027,-2.4527915,-7.523088,-1.097511,-4.2688966,-9.577049,-5.9731016,-9.107377,21.009232,3.4199913,-13.431305,-5.9573355,-10.716322,2.2878613,-3.645977,-7.072834,75.839,0.30490938,14.710849,6.7861123,-17.58636,13.49229,3.3809886,1.6095823,5.210335,5.64715,2.0234194,-8.453862,2.5237439,-1.0505763,7.003071,1.836828,15.015021,5.365171,-0.7508842,2.3908658,-1.6365944,12.119218,-3.5407414
-5.2705293,7.17277,-4.658159,5.076241,-7.009339,12.762346,3.9567883,1.759379,-8.68841,7.708444,-2.2961154,5.924274,-1.6099404,-11.730852,-13.696945,0.952625,-2.6559393,-6.143145,-5.99838,4.396849,-4.478701,-14.024578,-10.9091425,16.149889,3.9761386,16.097748,-5.93312,-11.665933,-6.808785,0.3227553,0.41901362,1.0694485,10.236993,-9.345412,9.385905,-2.5716324,-0.72364956,-4.1502604,-19.677917,10.94821,-1.4719021,0.30490938,73.58699,-8.867469,-5.17073,5.6417804,-7.9306917,3.4650059,-11.459393,-2.4379523,4.052974,4.973264,11.73179,-7.7966523,-15.258745,-2.4924374,-17.765278,2.0618782,-5.8585854,-7.3374634,-6.128856,9.158507,-4.0318985,8.811057
-14.008198,-6.2166452,11.89703,14.302996,3.8490748,11.386959,15.586885,-3.5016077,-8.097197,-15.434504,18.271837,16.60045,4.6457496,1.4649248,6.997921,3.6793196,9.32336,5.113568,-6.773998,5.113513,-2.8505466,5.019181,1.2760048,-3.8561532,-0.14793096,-2.849159,10.29725,-7.6063566,-2.5225856,2.1145823,-5.155486,-4.153908,17.02751,-1.6044005,-10.809178,9.112948,-9.051246,-14.750497,-6.752142,2.2011764,-4.383153,14.710849,-8.867469,62.732304,4.399577,5.168669,4.5134153,8.1085205,-2.5783386,-3.5210297,-3.9802318,9.37738,-3.700551,3.7619154,-2.221317,-7.156953,7.7355485,10.340413,3.5351653,3.5839887,0.78277063,-10.677309,5.3570776,16.412756
8.225666,-5.808224,-3.8360944,1.069615,-1.651539,-7.718019,7.178087,9.044351,5.4022026,-8.2511215,1.8965534,-3.1143816,5.3047376,-2.7152197,-1.1873255,2.2456288,1.7803229,3.7657425,-1.1256577,-7.241115,4.3748093,0.798085,3.7695155,-8.348224,-5.138029,0.583695,0.31082985,-1.1372544,-0.7502052,-2.2219474,2.0619905,3.0088663,-7.399681,-6.2130938,-0.2686386,-10.619423,-0.4016658,-16.117403,1.6699221,5.6859484,8.230759,6.7861123,-5.17073,4.399577,53.336487,0.4669902,4.3800173,-11.218353,7.338596,2.5393183,1.5100919,-0.91148114,2.6937296,-2.1460078,-2.176703,3.5453255,-6.0727644,2.9215302,4.3614407,11.47739,-11.778392,1.4601992,4.3161454,-5.1590624
-16.915127,-4.841249,10.885914,5.389031,-13.272653,-11.5621805,22.631937,-13.104709,12.132969,10.005034,-7.2959533,7.0618873,12.7619,0.163075,-9.463449,9.031128,-0.28587842,4.21112,5.742408,6.9530454,-14.261826,2.1567028,1.1825074,-4.8057013,-6.274391,-4.381805,-6.321876,17.305138,-6.8929887,-3.928111,1.235355,0.79090464,-5.728594,-13.969432,1.1415598,7.7976885,7.5084553,8.1228,-15.759683,4.6136584,11.824973,-17.58636,5.6417804,5.168669,0.4669902,60.879498,3.7559686,5.9106674,-1.575964,-0.9636686,7.50875,-5.3474555,-3.2853913,-4.627566,0.47743854,-10.521344,-0.9370898,-11.907434,-8.564923,1.4495821,-0.08035896,-3.5627873,10.871005,-7.7371106
-4.8847294,-11.499442,10.917846,10.455894,5.630039,-14.706376,-1.3544669,12.127718,-2.5049744,-9.986136,3.4186358,3.673646,14.673433,-6.1138344,17.697535,8.640135,0.76295763,-3.7992225,5.4012136,3.2580056,0.26256692,15.24311,11.644664,-5.945479,8.404383,1.323301,-8.146171,7.1639867,4.922076,2.044527,-10.591855,-7.1852283,3.264342,14.467487,14.268155,-10.18818,-12.494511,-4.2160163,-3.5550542,8.970709,-7.898807,13.49229,-7.9306917,4.5134153,4.3800173,3.7559686,59.445724,-13.799526,6.914313,11.421677,0.104182586,4.2488985,-7.089203,-6.6239066,5.3544126,1.122331,0.57936174,13.221677,6.3003163,2.136835,-6.644659,-3.9309578,5.566796,2.4507391
-13.895391,-10.848241,-7.158236,2.4766948,-11.578281,8.714364,11.399329,-7.4171586,-5.0524664,-7.5303445,9.975692,5.217528,-11.562265,-3.7404978,-1.6121366,-2.4623413,3.9603262,1.271412,8.404269,-9.938982,-7.140768,-12.091854,-9.044553,-2.1626668,9.265952,-0.9992617,18.002975,10.38507,-9.382668,0.34754437,-6.374004,-5.3125763,-3.885183,4.7119403,-8.885916,-9.1823015,1.0786633,2.1891131,-11.027679,-1.7461563,3.8825445,3.3809886,3.4650059,8.1085205,-11.218353,5.9106674,-13.799526,78.237175,-24.96849,-0.2912442,-16.461866,4.1083574,-15.854082,18.962212,-13.510003,-9.355726,-1.7674135,-1.3527105,-2.163093,-1.5911728,-1.7824469,-4.581085,-1.9870832,12.240017
15.702156,4.3448653,3.7024033,-2.4869192,-4.768043,-0.6467307,-6.1562123,-6.536182,6.395282,-0.9867647,-7.504084,-2.652676,10.392312,-8.8494,12.124466,-6.080585,1.1451696,13.93461,-5.813095,2.100816,5.5141835,9.121176,5.8333507,-1.5446008,-9.684188,-9.891941,-4.670399,-11.338943,1.6955367,-14.277766,5.6909432,-8.247077,-5.980297,3.9409614,-0.322519,8.34273,9.097229,-2.871298,6.319808,-12.26957,15.556039,1.6095823,-11.459393,-2.5783386,7.338596,-1.575964,6.914313,-24.96849,64.54449,2.9025393,1.6461171,-6.549101,8.406027,-2.8481288,9.591365,4.257391,-1.2866383,8.454067,15.789641,0.2561645,11.65063,-9.582407,7.417603,-7.8812327
11.025202,-1.5534867,14.600645,5.5726924,13.0800495,-4.0188065,-11.42966,-0.5346424,-6.853819,-21.576326,-10.419688,-6.0918293,3.4946907,4.8904834,-4.9413657,3.407881,9.941402,-11.84518,-3.144131,-0.8703586,0.2809069,-5.002129,7.7439294,-3.7445693,4.9706335,-7.8964868,5.9691005,-7.097576,-2.7651086,-2.6330488,6.21743,-3.909484,-9.859915,-5.5618362,-11.711747,4.1908946,8.080808,-9.215293,-2.1522853,7.1338077,4.5426364,5.210335,-2.4379523,-3.5210297,2.5393183,-0.9636686,11.421677,-0.2912442,2.9025393,80.134895,-0.3819214,-8.518235,-1.8954008,9.799148,-1.0527309,3.740196,-6.1514707,3.632727,1.1428643,-4.4093595,-9.280364,-0.8088507,-0.4559015,6.778148
-4.5944004,-4.5101,1.9746354,-7.3161526,-6.7794456,-1.2830913,14.929472,-10.207162,-3.4739437,1.2156223,-11.95807,-17.541922,3.2809143,-0.045132615,11.8540125,3.2484298,-6.7103405,-3.4583733,-2.562947,12.256011,-11.473643,-10.81164,7.1323233,-4.1558867,-8.2056055,-3.455801,-7.460503,-1.4225532,-4.9085917,5.2161174,4.4629264,0.80484414,-8.943959,3.3773983,4.4043245,14.199059,-1.0650333,9.192454,9.699638,1.7091006,2.386012,5.64715,4.052974,-3.9802318,1.5100919,7.50875,0.104182586,-16.461866,1.6461171,-0.3819214,66.14588,7.4864473,5.4739046,-11.547813,15.482907,4.0297737,1.841127,-11.908836,19.752813,0.14924401,-8.221419,7.8417807,2.3112643,2.3415785
14.975684,-2.9876645,3.27627,0.86028254,-5.81588,0.56759375,8.152252,6.132123,-2.630723,0.88168335,-4.620661,-5.7002625,-6.4900837,-2.2534795,-5.6587486,3.5935922,-4.3657794,4.4360056,-7.373432,7.02128,-0.7975665,8.836962,5.2707887,-2.419331,2.1860669,7.9365315,8.837247,-0.14267458,9.16095,7.769104,-0.21082014,3.3335571,5.6464806,0.8328409,-10.676167,-8.423344,-2.33419,9.876786,-2.3073597,3.0881457,-4.633603,2.0234194,4.973264,9.37738,-0.91148114,-5.3474555,4.2488985,4.1083574,-6.549101,-8.518235,7.4864473,74.52167,-13.075685,-4.5364785,-14.618344,4.7019696,12.448778,2.9538178,1.8044406,2.0399218,-2.4368508,-5.2429576,11.285568,19.132307
11.758888,-4.2412167,-12.074306,-0.3533421,0.26390824,-3.567049,-19.271673,-8.262657,-10.562296,2.5398896,-1.4570214,-6.418246,6.417588,0.20670484,-11.081159,-8.905224,-7.5441904,1.7035152,3.8005948,6.753598,5.0673656,-7.7013965,7.390397,-0.01678464,2.5469048,2.348148,-17.082602,-18.908344,0.16380394,3.0090697,5.294309,1.4453518,-11.704423,-5.8725967,-3.8856773,8.431593,-6.1162443,-12.833835,2.7532551,-6.589455,10.141308,-8.453862,11.73179,-3.700551,2.6937296,-3.2853913,-7.089203,-15.854082,8.406027,-1.8954008,5.4739046,-13.075685,74.257484,-2.5995665,4.2077146,-10.123869,-17.042097,-1.1520047,-7.2709236,15.589073,9.458977,-0.7460181,-10.112039,-6.6985826
-1.1808667,1.8115427,0.69680166,1.4778852,5.8993993,4.151921,-12.6243725,-12.815528,-2.8720796,-11.584473,6.5737844,-3.488029,8.50051,8.185561,-2.5592303,3.0629582,6.2087426,4.672494,-5.2815986,-6.856233,1.6974795,7.848105,-2.607564,-3.3971176,-4.3941345,-2.9748006,12.772925,9.023506,-13.762215,-0.12108334,0.020220444,7.3170805,2.715721,1.3547698,-18.058926,-2.7045584,-4.7067127,10.272774,1.9569119,3.8144925,-6.791155,2.5237439,-7.7966523,3.7619154,-2.1460078,-4.627566,-6.6239066,18.962212,-2.8481288,9.799148,-11.547813,-4.5364785,-2.5995665,41.009403,3.0695868,-2.025635,1.921431,-7.797622,6.997394,3.7585742,4.542115,-10.275871,-5.494491,4.5263996
2.2121418,0.9704539,-3.6945517,-0.39936575,-0.6344289,-0.0554901,-1.486373,-2.4773333,8.321174,-13.60093,-1.9061885,-3.7178912,5.948594,-8.619902,-3.7068493,-14.700843,3.4631634,-6.330115,4.4321523,-3.7959025,-5.1355157,-2.294606,-3.9568305,8.660037,8.784981,-1.5530608,-14.4249325,10.907656,15.629376,13.64358,-17.11135,12.047097,-3.3200686,12.1481085,-16.33092,12.570009,-1.2212731,9.9546585,14.213307,-12.81715,9.234078,-1.0505763,-15.258745,-2.221317,-2.176703,0.47743854,5.3544126,-13.510003,9.591365,-1.0527309,15.482907,-14.618344,4.2077146,3.0695868,72.15504,7.0026116,-12.948515,6.453455,5.3174133,-1.4713826,1.4338223,-2.2274454,-11.7809925,-6.708938
10.128694,0.92641413,17.276281,-4.453291,0.27721322,9.826122,-2.567545,2.110483,-8.650334,10.86087,-0.06882977,-3.2256384,-6.274088,5.6138873,7.831004,6.889291,15.319223,-9.088509,2.9035249,1.6278362,9.144436,4.789807,10.598507,12.67287,-7.1471124,9.15569,2.6023936,8.4519,7.9472528,0.79278713,17.119097,-16.402033,-2.4884052,1.288248,2.0714693,-1.0367756,0.096425906,1.9494652,9.006442,-8.0996475,-1.8973676,7.003071,-2.4924374,-7.156953,3.5453255,-10.521344,1.122331,-9.355726,4.257391,3.740196,4.0297737,4.7019696,-10.123869,-2.025635,7.0026116,65.604935,-4.328436,0.46229523,11.211303,3.3203046,-11.624654,2.713199,-4.9348736,-17.77704
5.9053526,-0.5172502,-15.277574,-6.1212363,1.9292195,-10.401927,-5.6171923,-5.9490023,3.6548214,12.1230545,-7.7170267,4.270335,2.0800123,8.660179,15.635135,26.644732,5.8732824,16.227829,4.9106126,17.105581,1.9116522,5.4197226,-8.874168,11.000279,-17.08222,3.8937197,8.739269,4.2547255,-13.454107,-6.09381,7.8297153,3.1392086,14.126957,4.167952,5.5185,5.589517,0.7705127,10.609532,-2.5484123,2.4916751,-5.9475894,1.836828,-17.765278,7.7355485,-6.0727644,-0.9370898,0.57936174,-1.7674135,-1.2866383,-6.1514707,1.841127,12.448778,-17.042097,1.921431,-12.948515,-4.328436,79.59831,-2.77405,5.1183977,10.259788,-9.518224,-9.596856,1.5789043,4.8265257
4.3524556,-4.801499,-7.903167,4.9868426,12.00772,-1.663071,1.6462829,21.469408,0.99024695,-7.3887033,-1.9652466,5.117436,4.4206867,-3.9917305,-7.0975394,-7.462054,-0.44075558,4.0047183,-5.7852945,-11.695398,9.903643,8.416367,1.3068534,3.6605482,0.41686538,-2.0297434,2.389901,-2.7581232,0.035277266,-10.450775,-13.91269,2.359309,0.357157,10.920192,-1.9028018,-2.2654243,-6.367299,-6.67653,-4.0137067,-4.559884,-6.3989916,15.015021,2.0618782,10.340413,2.9215302,-11.907434,13.221677,-1.3527105,8.454067,3.632727,-11.908836,2.9538178,-1.1520047,-7.797622,6.453455,0.46229523,-2.77405,63.481846,-7.7755795,-6.4945197,3.0249965,-14.018342,-6.9947653,-1.4367499
-12.742436,4.2504992,4.85825,-12.30734,5.7313137,4.359719,-4.9390173,-9.151114,0.5317011,-16.196228,0.98452884,-5.8965025,3.5076654,-14.634588,7.7974296,14.336109,8.839821,-1.4607298,-8.507779,-1.1194992,-4.2186847,-3.9535913,1.5342951,-4.4515963,-0.15612648,-10.404761,2.314166,1.9883373,7.31666,-0.73535436,8.811008,-2.9256396,11.999464,-0.9021167,-2.7182333,-1.1691874,-4.589599,6.576523,2.9212658,9.704544,0.101406835,5.365171,-5.8585854,3.5351653,4.3614407,-8.564923,6.3003163,-2.163093,15.789641,1.1428643,19.752813,1.8044406,-7.2709236,6.997394,5.3174133,11.211303,5.1183977,-7.7755795,52.768883,7.8245826,-1.9344984,-6.642208,-0.90878636,1.7103664
7.621439,-6.3738823,-5.797194,-9.597308,-21.911165,2.6540008,2.5632613,-2.9006383,-0.5586284,-12.975059,16.38863,-4.0038934,15.687888,5.961674,4.0820394,-3.078229,7.4133725,16.343946,-1.629365,2.2965355,8.259609,-5.9499345,5.2125354,3.5684779,6.0762467,-8.327553,-0.8131241,2.0642588,-6.0348487,-0.05683449,10.605625,0.70555544,0.7738911,-3.5668333,-4.8001094,8.983479,3.8896167,-6.180402,1.1906817,6.715951,-0.614093,-0.7508842,-7.3374634,3.5839887,11.47739,1.4495821,2.136835,-1.5911728,0.2561645,-4.4093595,0.14924401,2.0399218,15.589073,3.7585742,-1.4713826,3.3203046,10.259788,-6.4945197,7.8245826,74.47665,-5.976577,9.26288,-7.679801,4.663511
-0.6878091,9.4872875,1.6475044,-1.2094693,13.439474,4.5126867,-9.484668,-5.584428,5.3551855,12.824923,1.6423013,11.551205,-9.98901,4.1770744,-0.51073474,-8.492838,-3.6743166,16.018095,1.5759236,8.867134,-3.6653724,2.1549335,2.4662337,6.4800534,1.72922,-4.7886577,-9.593446,-14.349749,0.20820273,-10.135493,-7.2477283,-2.9508483,-17.802612,4.3709064,-8.562697,8.3617935,-1.7611841,5.1405363,-5.4100785,-6.8599586,10.69887,2.3908658,-6.128856,0.78277063,-11.778392,-0.08035896,-6.644659,-1.7824469,11.65063,-9.280364,-8.221419,-2.4368508,9.458977,4.542115,1.4338223,-11.624654,-9.518224,3.0249965,-1.9344984,-5.976577,68.03611,-0.12216542,9.166324,-6.2745347
0.42982462,8.3739,0.31734622,7.7244725,-8.766104,18.58288,12.626515,9.337036,1.9027759,4.625616,8.183267,-8.174177,2.1276712,13.712073,10.747315,-3.6065872,-0.7941963,6.642568,-6.7233133,8.578166,-6.0664806,-17.311583,16.960321,7.7978644,13.499998,3.1246934,-2.310486,-11.123864,11.069286,11.318426,-8.81735,-6.4227004,0.48496336,-13.218706,14.6893015,-0.09642735,9.712095,1.6625928,2.6702192,-5.483311,-5.9809036,-1.6365944,9.158507,-10.677309,1.4601992,-3.5627873,-3.9309578,-4.581085,-9.582407,-0.8088507,7.8417807,-5.2429576,-0.7460181,-10.275871,-2.2274454,2.713199,-9.596856,-14.018342,-6.642208,9.26288,-0.12216542,79.477104,4.402947,-11.21589
-1.8243791,-4.208408,7.153813,9.526752,-7.7656617,-8.905517,3.0067415,-1.0410129,17.34458,16.037699,2.2924929,3.5027766,2.1733975,5.502458,13.340419,4.7978625,7.467567,5.0649467,-14.424691,-1.5371188,-2.602673,16.062521,2.8722405,-0.8932138,-9.091521,-1.646608,-5.150169,3.82712,0.6368827,-0.17889711,11.021989,-0.79606444,-6.543258,-3.682282,3.664758,-3.2091448,-2.5211396,6.8257036,-17.157692,0.55297476,-4.2424083,12.119218,-4.0318985,5.3570776,4.3161454,10.871005,5.566796,-1.9870832,7.417603,-0.4559015,2.3112643,11.285568,-10.112039,-5.494491,-11.7809925,-4.9348736,1.5789043,-6.9947653,-0.90878636,-7.679801,9.166324,4.402947,51.08486,2.7658193
1.174647,2.446902,1.3830756,4.34059,-3.6114793,5.940573,4.4153595,-3.0675116,-9.372355,-26.095919,10.9416275,-0.21486782,-8.918942,-7.697562,-7.5361094,-3.541285,-2.9907777,-10.717713,-5.311682,7.525056,5.3798428,-11.381235,-9.216029,-0.7231608,3.884474,3.73982,0.9209247,-11.539321,-9.606616,-8.271445,-6.364292,-0.7136764,3.5329475,7.0537195,-8.806649,-0.0058863773,-8.670423,5.058991,-10.822341,-0.5972857,-8.462325,-3.5407414,8.811057,16.412756,-5.1590624,-7.7371106,2.4507391,12.240017,-7.8812327,6.778148,2.3415785,19.132307,-6.6985826,4.5263996,-6.708938,-17.77704,4.8265257,-1.4367499,1.7103664,4.663511,-6.2745347,-11.21589,2.7658193,70.210785
